Order_ID,Order_Date,Brand,Model,Category,Price,Quantity,City,State,Payment_Mode,Discount_%,Rating,Order_ID,Order_Date,Order_ID,Total sale,discount Amount,Final Revenue,1051
1051,1/1/2024,Apple,iPhone 14,Premium,61097,1,Hyderabad,Telangana,COD,5,4.5,1051,1/1/2025,1051,61097,3054.85,58042.15,1406
1406,1/1/2024,OnePlus,Nord CE 3,Budget,10718,3,Delhi,Delhi,Credit Card,17,4.9,1406,1/1/2025,1406,32154,5466.18,26687.82,1487
1487,1/1/2024,Samsung,Galaxy A54,Premium,78851,2,Hyderabad,Telangana,Debit Card,15,3.8,1487,1/1/2025,1487,157702,23655.3,134046.7,1013
1013,1/2/2024,Samsung,Galaxy S23,Mid-Range,20243,1,Jaipur,Rajasthan,COD,6,3.9,1013,1/2/2025,1013,20243,1214.58,19028.42,1349
1349,1/2/2024,Samsung,Galaxy M14,Premium,83479,1,Delhi,Delhi,Debit Card,11,4.3,1349,1/2/2025,1349,83479,9182.69,74296.31,1362
1362,1/2/2024,Xiaomi,Redmi 11,Mid-Range,26505,1,Mumbai,Maharashtra,COD,20,3.8,1362,1/2/2025,1362,26505,5301,21204,1023
1023,1/3/2024,Samsung,Galaxy S23,Budget,13925,2,Lucknow,Uttar Pradesh,Debit Card,18,4.4,1023,1/3/2025,1023,27850,5013,22837,1095
1095,1/3/2024,Realme,Realme 11,Premium,63585,3,Lucknow,Uttar Pradesh,UPI,18,4,1095,1/3/2025,1095,190755,34335.9,156419.1,1187
1187,1/3/2024,Xiaomi,Redmi 11,Mid-Range,29880,1,Mumbai,Maharashtra,COD,5,3.7,1187,1/3/2025,1187,29880,1494,28386,1269
1269,1/3/2024,OnePlus,Nord CE 3,Budget,9624,3,Ahmedabad,Gujarat,UPI,14,4.7,1269,1/3/2025,1269,28872,4042.08,24829.92,1360
1360,1/3/2024,Apple,iPhone 14,Budget,11334,1,Bangalore,Karnataka,Credit Card,14,4.5,1360,1/3/2025,1360,11334,1586.76,9747.24,1169
1169,1/4/2024,OnePlus,OnePlus 11,Budget,10738,1,Mumbai,Maharashtra,Debit Card,11,4.5,1169,1/4/2025,1169,10738,1181.18,9556.82,1173
1173,1/4/2024,Realme,Realme 11,Premium,63911,2,Jaipur,Rajasthan,Debit Card,17,3.8,1173,1/4/2025,1173,127822,21729.74,106092.26,1240
1240,1/4/2024,Samsung,Galaxy M14,Premium,84061,3,Bangalore,Karnataka,Debit Card,8,4.4,1240,1/4/2025,1240,252183,20174.64,232008.36,1334
1334,1/4/2024,Realme,Realme GT,Budget,11249,3,Ahmedabad,Gujarat,COD,15,4.4,1334,1/4/2025,1334,33747,5062.05,28684.95,1107
1107,1/5/2024,Realme,Realme 11,Premium,86480,3,Hyderabad,Telangana,UPI,17,3.8,1107,1/5/2025,1107,259440,44104.8,215335.2,1226
1226,1/7/2024,OnePlus,OnePlus 11,Budget,13966,2,Kolkata,West Bengal,UPI,20,3.6,1226,1/7/2025,1226,27932,5586.4,22345.6,1007
1007,1/8/2024,Xiaomi,Mi 11X,Budget,11635,2,Ahmedabad,Gujarat,Debit Card,15,4.5,1007,1/8/2025,1007,23270,3490.5,19779.5,1018
1018,1/10/2024,Realme,Realme GT,Budget,10665,2,Lucknow,Uttar Pradesh,UPI,20,4.9,1018,1/10/2025,1018,21330,4266,17064,1364
1364,1/10/2024,Realme,Realme Narzo 60,Mid-Range,27398,1,Ahmedabad,Gujarat,UPI,9,4.8,1364,1/10/2025,1364,27398,2465.82,24932.18,1432
1432,1/10/2024,Xiaomi,Redmi Note 12,Premium,89247,1,Kolkata,West Bengal,Debit Card,10,3.9,1432,1/10/2025,1432,89247,8924.7,80322.3,1166
1166,2/1/2024,OnePlus,OnePlus 10R,Premium,79557,2,Delhi,Delhi,Debit Card,16,3.7,1166,2/1/2025,1166,159114,25458.24,133655.76,1462
1462,2/1/2024,Samsung,Galaxy M14,Mid-Range,28510,2,Ahmedabad,Gujarat,UPI,19,4.7,1462,2/1/2025,1462,57020,10833.8,46186.2,1150
1150,2/2/2024,Apple,iPhone 15,Premium,73212,3,Delhi,Delhi,UPI,19,4.2,1150,2/2/2025,1150,219636,41730.84,177905.16,1210
1210,2/2/2024,Apple,iPhone 15,Budget,10119,2,Mumbai,Maharashtra,Debit Card,17,4.7,1210,2/2/2025,1210,20238,3440.46,16797.54,1012
1012,2/3/2024,Apple,iPhone 13,Premium,72707,1,Delhi,Delhi,COD,19,3.7,1012,2/3/2025,1012,72707,13814.33,58892.67,1474
1474,2/3/2024,Samsung,Galaxy A54,Mid-Range,26658,1,Lucknow,Uttar Pradesh,Credit Card,13,4.6,1474,2/3/2025,1474,26658,3465.54,23192.46,1375
1375,2/4/2024,OnePlus,OnePlus 11,Premium,68112,1,Bangalore,Karnataka,Debit Card,5,3.7,1375,2/4/2025,1375,68112,3405.6,64706.4,1085
1085,2/5/2024,Apple,iPhone 13,Budget,8303,2,Hyderabad,Telangana,COD,13,4.1,1085,2/5/2025,1085,16606,2158.78,14447.22,1280
1280,2/5/2024,Xiaomi,Mi 11X,Premium,82069,2,Delhi,Delhi,UPI,19,4.3,1280,2/5/2025,1280,164138,31186.22,132951.78,1058
1058,2/6/2024,Realme,Realme Narzo 60,Budget,8803,3,Delhi,Delhi,COD,10,3.7,1058,2/6/2025,1058,26409,2640.9,23768.1,1275
1275,2/6/2024,Apple,iPhone 14,Budget,8169,3,Lucknow,Uttar Pradesh,Credit Card,6,3.5,1275,2/6/2025,1275,24507,1470.42,23036.58,1322
1322,2/6/2024,Xiaomi,Redmi 11,Budget,12037,3,Ahmedabad,Gujarat,COD,8,4.4,1322,2/6/2025,1322,36111,2888.88,33222.12,1267
1267,2/7/2024,Samsung,Galaxy A54,Mid-Range,24705,2,Kolkata,West Bengal,COD,12,4.6,1267,2/7/2025,1267,49410,5929.2,43480.8,1455
1455,2/7/2024,OnePlus,OnePlus 11,Budget,9853,1,Delhi,Delhi,UPI,10,4,1455,2/7/2025,1455,9853,985.3,8867.7,1333
1333,2/8/2024,OnePlus,OnePlus 11,Mid-Range,15479,2,Ahmedabad,Gujarat,Credit Card,10,4.1,1333,2/8/2025,1333,30958,3095.8,27862.2,1281
1281,2/9/2024,Realme,Realme GT,Premium,71862,3,Ahmedabad,Gujarat,Credit Card,5,4.2,1281,2/9/2025,1281,215586,10779.3,204806.7,1365
1365,2/9/2024,Apple,iPhone 15,Mid-Range,32457,1,Delhi,Delhi,Debit Card,12,4.1,1365,2/9/2025,1365,32457,3894.84,28562.16,1381
1381,2/10/2024,Samsung,Galaxy S23,Premium,68970,3,Jaipur,Rajasthan,UPI,14,4.8,1381,2/10/2025,1381,206910,28967.4,177942.6,1466
1466,2/10/2024,Samsung,Galaxy M14,Budget,8530,3,Mumbai,Maharashtra,UPI,8,3.7,1466,2/10/2025,1466,25590,2047.2,23542.8,1396
1396,2/11/2024,Xiaomi,Mi 11X,Budget,10033,3,Mumbai,Maharashtra,Credit Card,8,4.9,1396,2/11/2025,1396,30099,2407.92,27691.08,1448
1448,2/11/2024,Xiaomi,Mi 11X,Mid-Range,18955,3,Ahmedabad,Gujarat,Credit Card,16,4.3,1448,2/11/2025,1448,56865,9098.4,47766.6,1114
1114,3/1/2024,Samsung,Galaxy S23,Mid-Range,30520,1,Ahmedabad,Gujarat,COD,19,3.8,1114,3/1/2025,1114,30520,5798.8,24721.2,1355
1355,3/1/2024,Apple,iPhone 15,Premium,69873,2,Mumbai,Maharashtra,Debit Card,6,3.7,1355,3/1/2025,1355,139746,8384.76,131361.24,1424
1424,3/1/2024,Realme,Realme 11,Mid-Range,38656,2,Hyderabad,Telangana,UPI,5,4.7,1424,3/1/2025,1424,77312,3865.6,73446.4,1445
1445,3/1/2024,Xiaomi,Redmi Note 12,Premium,64947,3,Delhi,Delhi,UPI,16,4.1,1445,3/1/2025,1445,194841,31174.56,163666.44,1071
1071,3/2/2024,Samsung,Galaxy M14,Premium,67923,3,Delhi,Delhi,UPI,11,4.7,1071,3/2/2025,1071,203769,22414.59,181354.41,1285
1285,3/2/2024,Realme,Realme GT,Budget,12929,2,Bangalore,Karnataka,COD,9,4,1285,3/2/2025,1285,25858,2327.22,23530.78,1426
1426,3/2/2024,Realme,Realme 11,Mid-Range,32483,3,Mumbai,Maharashtra,Debit Card,10,4.3,1426,3/2/2025,1426,97449,9744.9,87704.1,1041
1041,3/4/2024,Xiaomi,Mi 11X,Budget,10748,2,Jaipur,Rajasthan,Credit Card,7,4.8,1041,3/4/2025,1041,21496,1504.72,19991.28,1170
1170,3/4/2024,Realme,Realme 11,Mid-Range,25570,2,Kolkata,West Bengal,Credit Card,7,4.8,1170,3/4/2025,1170,51140,3579.8,47560.2,1452
1452,3/4/2024,Apple,iPhone 13,Premium,89018,3,Ahmedabad,Gujarat,UPI,13,4.1,1452,3/4/2025,1452,267054,34717.02,232336.98,1414
1414,3/5/2024,Realme,Realme 11,Premium,80146,3,Hyderabad,Telangana,Debit Card,5,3.8,1414,3/5/2025,1414,240438,12021.9,228416.1,1246
1246,3/6/2024,Realme,Realme 11,Mid-Range,35023,3,Jaipur,Rajasthan,COD,17,3.6,1246,3/6/2025,1246,105069,17861.73,87207.27,1390
1390,3/7/2024,Xiaomi,Redmi 11,Premium,78636,2,Lucknow,Uttar Pradesh,UPI,17,3.9,1390,3/7/2025,1390,157272,26736.24,130535.76,1301
1301,3/9/2024,Apple,iPhone 15,Mid-Range,18589,3,Ahmedabad,Gujarat,COD,11,4.1,1301,3/9/2025,1301,55767,6134.37,49632.63,1479
1479,3/9/2024,Xiaomi,Redmi 11,Premium,81312,1,Lucknow,Uttar Pradesh,UPI,5,4.6,1479,3/9/2025,1479,81312,4065.6,77246.4,1062
1062,3/10/2024,OnePlus,OnePlus 11,Premium,85681,3,Hyderabad,Telangana,UPI,14,4.3,1062,3/10/2025,1062,257043,35986.02,221056.98,1103
1103,3/11/2024,Xiaomi,Mi 11X,Premium,67340,2,Delhi,Delhi,COD,10,3.7,1103,3/11/2025,1103,134680,13468,121212,1385
1385,3/11/2024,Apple,iPhone 13,Mid-Range,28423,2,Ahmedabad,Gujarat,Debit Card,12,4.3,1385,3/11/2025,1385,56846,6821.52,50024.48,1065
1065,3/12/2024,Samsung,Galaxy A54,Mid-Range,38990,3,Mumbai,Maharashtra,COD,6,4,1065,3/12/2025,1065,116970,7018.2,109951.8,1086
1086,3/12/2024,Apple,iPhone 13,Mid-Range,34331,1,Hyderabad,Telangana,COD,20,4.3,1086,3/12/2025,1086,34331,6866.2,27464.8,1091
1091,3/12/2024,Xiaomi,Mi 11X,Mid-Range,15465,1,Delhi,Delhi,Credit Card,10,4.9,1091,3/12/2025,1091,15465,1546.5,13918.5,1483
1483,3/12/2024,Samsung,Galaxy A54,Premium,74938,2,Ahmedabad,Gujarat,Credit Card,18,4.5,1483,3/12/2025,1483,149876,26977.68,122898.32,1100
1100,4/1/2024,Realme,Realme 11,Budget,12067,1,Bangalore,Karnataka,Debit Card,14,4,1100,4/1/2025,1100,12067,1689.38,10377.62,1194
1194,4/1/2024,OnePlus,OnePlus 10R,Premium,66316,3,Kolkata,West Bengal,COD,15,4.2,1194,4/1/2025,1194,198948,29842.2,169105.8,1351
1351,4/1/2024,Xiaomi,Redmi 11,Mid-Range,23976,1,Mumbai,Maharashtra,UPI,12,3.6,1351,4/1/2025,1351,23976,2877.12,21098.88,1067
1067,4/2/2024,Samsung,Galaxy A54,Budget,8456,1,Kolkata,West Bengal,Debit Card,13,4.9,1067,4/2/2025,1067,8456,1099.28,7356.72,1116
1116,4/2/2024,Samsung,Galaxy M14,Mid-Range,37161,2,Ahmedabad,Gujarat,Debit Card,20,4.5,1116,4/2/2025,1116,74322,14864.4,59457.6,1149
1149,4/3/2024,Samsung,Galaxy S23,Premium,64169,3,Hyderabad,Telangana,UPI,12,4.4,1149,4/3/2025,1149,192507,23100.84,169406.16,1392
1392,4/4/2024,OnePlus,Nord CE 3,Mid-Range,21723,2,Hyderabad,Telangana,COD,6,4.1,1392,4/4/2025,1392,43446,2606.76,40839.24,1198
1198,4/6/2024,Realme,Realme Narzo 60,Premium,67073,3,Hyderabad,Telangana,COD,17,4.3,1198,4/6/2025,1198,201219,34207.23,167011.77,1374
1374,4/7/2024,Samsung,Galaxy M14,Mid-Range,37185,1,Mumbai,Maharashtra,Credit Card,8,3.9,1374,4/7/2025,1374,37185,2974.8,34210.2,1486
1486,4/7/2024,Xiaomi,Mi 11X,Budget,8480,2,Bangalore,Karnataka,COD,15,4.9,1486,4/7/2025,1486,16960,2544,14416,1327
1327,4/9/2024,OnePlus,Nord CE 3,Premium,61721,2,Bangalore,Karnataka,COD,10,3.6,1327,4/9/2025,1327,123442,12344.2,111097.8,1423
1423,4/9/2024,Apple,iPhone 13,Premium,67843,1,Hyderabad,Telangana,COD,17,4,1423,4/9/2025,1423,67843,11533.31,56309.69,1498
1498,4/9/2024,Realme,Realme Narzo 60,Mid-Range,32339,1,Kolkata,West Bengal,Debit Card,19,4.8,1498,4/9/2025,1498,32339,6144.41,26194.59,1056
1056,4/10/2024,OnePlus,OnePlus 10R,Budget,9525,2,Hyderabad,Telangana,UPI,17,3.8,1056,4/10/2025,1056,19050,3238.5,15811.5,1203
1203,4/10/2024,Realme,Realme GT,Budget,12294,2,Mumbai,Maharashtra,COD,18,4.8,1203,4/10/2025,1203,24588,4425.84,20162.16,1251
1251,4/10/2024,Xiaomi,Redmi 11,Premium,60026,2,Bangalore,Karnataka,COD,17,3.6,1251,4/10/2025,1251,120052,20408.84,99643.16,1081
1081,4/11/2024,Xiaomi,Redmi Note 12,Budget,11065,3,Jaipur,Rajasthan,Credit Card,15,4.8,1081,4/11/2025,1081,33195,4979.25,28215.75,1491
1491,4/11/2024,Samsung,Galaxy A54,Mid-Range,33996,3,Delhi,Delhi,Credit Card,9,4.8,1491,4/11/2025,1491,101988,9178.92,92809.08,1111
1111,4/12/2024,Xiaomi,Mi 11X,Budget,10622,3,Delhi,Delhi,Credit Card,14,4.8,1111,4/12/2025,1111,31866,4461.24,27404.76,1261
1261,4/12/2024,Samsung,Galaxy M14,Budget,14839,1,Mumbai,Maharashtra,Credit Card,19,4.7,1261,4/12/2025,1261,14839,2819.41,12019.59,1273
1273,5/1/2024,Apple,iPhone 13,Budget,13414,2,Jaipur,Rajasthan,UPI,12,4.3,1273,5/1/2025,1273,26828,3219.36,23608.64,1368
1368,5/1/2024,OnePlus,Nord CE 3,Premium,67472,1,Mumbai,Maharashtra,COD,8,3.5,1368,5/1/2025,1368,67472,5397.76,62074.24,1087
1087,5/2/2024,Samsung,Galaxy M14,Mid-Range,24904,1,Delhi,Delhi,Debit Card,20,3.6,1087,5/2/2025,1087,24904,4980.8,19923.2,1006
1006,5/3/2024,OnePlus,OnePlus 10R,Premium,61159,3,Jaipur,Rajasthan,UPI,14,4.7,1006,5/3/2025,1006,183477,25686.78,157790.22,1053
1053,5/3/2024,Xiaomi,Redmi 11,Budget,8737,2,Ahmedabad,Gujarat,Debit Card,20,3.6,1053,5/3/2025,1053,17474,3494.8,13979.2,1104
1104,5/4/2024,Realme,Realme GT,Budget,13442,3,Ahmedabad,Gujarat,Credit Card,6,4.4,1104,5/4/2025,1104,40326,2419.56,37906.44,1146
1146,5/4/2024,OnePlus,OnePlus 10R,Premium,70365,3,Delhi,Delhi,Credit Card,7,4,1146,5/4/2025,1146,211095,14776.65,196318.35,1232
1232,5/5/2024,Samsung,Galaxy S23,Premium,68881,1,Hyderabad,Telangana,Debit Card,10,4.4,1232,5/5/2025,1232,68881,6888.1,61992.9,1293
1293,5/6/2024,OnePlus,Nord CE 3,Premium,73417,3,Bangalore,Karnataka,Debit Card,16,3.9,1293,5/6/2025,1293,220251,35240.16,185010.84,1098
1098,5/7/2024,OnePlus,OnePlus 10R,Budget,9866,1,Delhi,Delhi,Debit Card,13,4.6,1098,5/7/2025,1098,9866,1282.58,8583.42,1332
1332,5/8/2024,Realme,Realme 11,Mid-Range,27948,1,Jaipur,Rajasthan,UPI,18,4.6,1332,5/8/2025,1332,27948,5030.64,22917.36,1400
1400,5/8/2024,Realme,Realme GT,Premium,82895,1,Lucknow,Uttar Pradesh,Debit Card,11,4.2,1400,5/8/2025,1400,82895,9118.45,73776.55,1485
1485,5/8/2024,OnePlus,Nord CE 3,Mid-Range,22464,2,Lucknow,Uttar Pradesh,COD,6,4.3,1485,5/8/2025,1485,44928,2695.68,42232.32,1073
1073,5/9/2024,Apple,iPhone 15,Budget,11716,2,Mumbai,Maharashtra,UPI,17,4,1073,5/9/2025,1073,23432,3983.44,19448.56,1179
1179,5/10/2024,Samsung,Galaxy S23,Premium,77312,2,Hyderabad,Telangana,Debit Card,11,4.3,1179,5/10/2025,1179,154624,17008.64,137615.36,1289
1289,5/10/2024,Apple,iPhone 14,Mid-Range,20213,3,Hyderabad,Telangana,Credit Card,10,4.5,1289,5/10/2025,1289,60639,6063.9,54575.1,1312
1312,5/12/2024,OnePlus,Nord CE 3,Budget,14098,1,Delhi,Delhi,Credit Card,13,3.5,1312,5/12/2025,1312,14098,1832.74,12265.26,1129
1129,6/4/2024,Apple,iPhone 13,Premium,74533,2,Hyderabad,Telangana,Credit Card,15,4.5,1129,6/4/2025,1129,149066,22359.9,126706.1,1399
1399,6/4/2024,OnePlus,Nord CE 3,Premium,64125,2,Lucknow,Uttar Pradesh,UPI,19,4.1,1399,6/4/2025,1399,128250,24367.5,103882.5,1495
1495,6/4/2024,Apple,iPhone 13,Premium,87638,1,Hyderabad,Telangana,COD,7,3.9,1495,6/4/2025,1495,87638,6134.66,81503.34,1040
1040,6/5/2024,Realme,Realme Narzo 60,Mid-Range,23717,1,Mumbai,Maharashtra,Debit Card,8,4.3,1040,6/5/2025,1040,23717,1897.36,21819.64,1108
1108,6/5/2024,Samsung,Galaxy A54,Premium,67039,3,Jaipur,Rajasthan,Debit Card,7,4.6,1108,6/5/2025,1108,201117,14078.19,187038.81,1241
1241,6/5/2024,Realme,Realme 11,Premium,83299,2,Lucknow,Uttar Pradesh,COD,10,3.8,1241,6/5/2025,1241,166598,16659.8,149938.2,1266
1266,6/5/2024,OnePlus,OnePlus 10R,Mid-Range,31102,2,Lucknow,Uttar Pradesh,Debit Card,7,4.7,1266,6/5/2025,1266,62204,4354.28,57849.72,1324
1324,6/5/2024,Realme,Realme 11,Budget,9058,2,Bangalore,Karnataka,UPI,19,3.8,1324,6/5/2025,1324,18116,3442.04,14673.96,1465
1465,6/5/2024,OnePlus,Nord CE 3,Premium,78542,3,Hyderabad,Telangana,Debit Card,20,4.4,1465,6/5/2025,1465,235626,47125.2,188500.8,1026
1026,6/6/2024,Xiaomi,Redmi 11,Budget,11747,1,Lucknow,Uttar Pradesh,UPI,15,3.6,1026,6/6/2025,1026,11747,1762.05,9984.95,1233
1233,6/6/2024,Realme,Realme Narzo 60,Budget,12412,1,Ahmedabad,Gujarat,Debit Card,18,4,1233,6/6/2025,1233,12412,2234.16,10177.84,1393
1393,6/7/2024,OnePlus,OnePlus 10R,Premium,87354,1,Hyderabad,Telangana,Credit Card,8,4.8,1393,6/7/2025,1393,87354,6988.32,80365.68,1242
1242,6/8/2024,Xiaomi,Redmi Note 12,Mid-Range,30533,3,Mumbai,Maharashtra,Debit Card,14,4.9,1242,6/8/2025,1242,91599,12823.86,78775.14,1311
1311,6/8/2024,Realme,Realme 11,Budget,10938,1,Jaipur,Rajasthan,UPI,8,4.2,1311,6/8/2025,1311,10938,875.04,10062.96,1439
1439,6/8/2024,Realme,Realme Narzo 60,Mid-Range,15137,2,Bangalore,Karnataka,COD,12,4.3,1439,6/8/2025,1439,30274,3632.88,26641.12,1446
1446,6/8/2024,OnePlus,Nord CE 3,Premium,78802,3,Hyderabad,Telangana,UPI,15,4.5,1446,6/8/2025,1446,236406,35460.9,200945.1,1112
1112,6/9/2024,Samsung,Galaxy M14,Premium,61347,2,Mumbai,Maharashtra,COD,10,4.6,1112,6/9/2025,1112,122694,12269.4,110424.6,1489
1489,6/9/2024,Realme,Realme GT,Mid-Range,21735,1,Jaipur,Rajasthan,Credit Card,5,4.5,1489,6/9/2025,1489,21735,1086.75,20648.25,1260
1260,6/10/2024,Realme,Realme 11,Mid-Range,34671,2,Jaipur,Rajasthan,Debit Card,18,3.9,1260,6/10/2025,1260,69342,12481.56,56860.44,1181
1181,6/11/2024,Apple,iPhone 13,Mid-Range,33639,1,Mumbai,Maharashtra,UPI,12,4.3,1181,6/11/2025,1181,33639,4036.68,29602.32,1417
1417,6/11/2024,Realme,Realme GT,Budget,10662,3,Mumbai,Maharashtra,Credit Card,6,3.5,1417,6/11/2025,1417,31986,1919.16,30066.84,1125
1125,7/1/2024,Apple,iPhone 13,Budget,13946,2,Delhi,Delhi,Debit Card,8,4.7,1125,7/1/2025,1125,27892,2231.36,25660.64,1022
1022,7/2/2024,Apple,iPhone 13,Mid-Range,22449,3,Kolkata,West Bengal,Debit Card,11,4.1,1022,7/2/2025,1022,67347,7408.17,59938.83,1476
1476,7/2/2024,OnePlus,OnePlus 11,Mid-Range,32802,1,Mumbai,Maharashtra,COD,14,4.9,1476,7/2/2025,1476,32802,4592.28,28209.72,1050
1050,7/3/2024,OnePlus,OnePlus 10R,Mid-Range,17789,1,Bangalore,Karnataka,UPI,16,4.7,1050,7/3/2025,1050,17789,2846.24,14942.76,1161
1161,7/3/2024,Apple,iPhone 14,Premium,73917,2,Ahmedabad,Gujarat,COD,5,3.6,1161,7/3/2025,1161,147834,7391.7,140442.3,1379
1379,7/3/2024,Apple,iPhone 13,Budget,9401,2,Lucknow,Uttar Pradesh,Credit Card,7,4.2,1379,7/3/2025,1379,18802,1316.14,17485.86,1471
1471,7/4/2024,Realme,Realme 11,Budget,13411,3,Delhi,Delhi,UPI,18,4.2,1471,7/4/2025,1471,40233,7241.94,32991.06,1323
1323,7/5/2024,OnePlus,Nord CE 3,Budget,13345,3,Bangalore,Karnataka,Credit Card,11,4.5,1323,7/5/2025,1323,40035,4403.85,35631.15,1451
1451,7/5/2024,OnePlus,OnePlus 11,Premium,87982,3,Kolkata,West Bengal,COD,19,4.1,1451,7/5/2025,1451,263946,50149.74,213796.26,1277
1277,7/6/2024,Xiaomi,Redmi 11,Budget,14726,3,Bangalore,Karnataka,Debit Card,9,4.7,1277,7/6/2025,1277,44178,3976.02,40201.98,1389
1389,7/7/2024,Apple,iPhone 15,Mid-Range,24682,2,Kolkata,West Bengal,Credit Card,19,4.1,1389,7/7/2025,1389,49364,9379.16,39984.84,1416
1416,7/8/2024,Xiaomi,Redmi 11,Budget,9828,2,Jaipur,Rajasthan,Credit Card,11,4.6,1416,7/8/2025,1416,19656,2162.16,17493.84,1010
1010,7/9/2024,OnePlus,Nord CE 3,Mid-Range,31947,2,Hyderabad,Telangana,Credit Card,8,4.4,1010,7/9/2025,1010,63894,5111.52,58782.48,1404
1404,7/9/2024,Samsung,Galaxy S23,Premium,76415,3,Hyderabad,Telangana,COD,18,3.8,1404,7/9/2025,1404,229245,41264.1,187980.9,1469
1469,7/9/2024,Xiaomi,Redmi Note 12,Budget,13605,3,Ahmedabad,Gujarat,UPI,10,3.9,1469,7/9/2025,1469,40815,4081.5,36733.5,1077
1077,8/1/2024,Apple,iPhone 15,Mid-Range,27289,1,Ahmedabad,Gujarat,UPI,8,3.9,1077,8/1/2025,1077,27289,2183.12,25105.88,1101
1101,8/1/2024,Apple,iPhone 13,Premium,77776,3,Ahmedabad,Gujarat,COD,18,3.9,1101,8/1/2025,1101,233328,41999.04,191328.96,1234
1234,8/4/2024,Apple,iPhone 13,Budget,13455,2,Ahmedabad,Gujarat,Credit Card,14,4,1234,8/4/2025,1234,26910,3767.4,23142.6,1214
1214,8/5/2024,Realme,Realme GT,Budget,11904,2,Lucknow,Uttar Pradesh,Debit Card,18,4.3,1214,8/5/2025,1214,23808,4285.44,19522.56,1437
1437,8/5/2024,Realme,Realme GT,Budget,11865,2,Kolkata,West Bengal,Debit Card,11,4.6,1437,8/5/2025,1437,23730,2610.3,21119.7,1066
1066,8/6/2024,Realme,Realme Narzo 60,Premium,65431,1,Mumbai,Maharashtra,UPI,11,4.2,1066,8/6/2025,1066,65431,7197.41,58233.59,1102
1102,8/6/2024,Samsung,Galaxy S23,Budget,13746,1,Lucknow,Uttar Pradesh,UPI,7,4.2,1102,8/6/2025,1102,13746,962.22,12783.78,1356
1356,8/6/2024,Apple,iPhone 13,Budget,10893,3,Bangalore,Karnataka,Debit Card,20,4.3,1356,8/6/2025,1356,32679,6535.8,26143.2,1387
1387,8/8/2024,Apple,iPhone 14,Mid-Range,29487,1,Bangalore,Karnataka,UPI,12,4.2,1387,8/8/2025,1387,29487,3538.44,25948.56,1044
1044,8/9/2024,Xiaomi,Redmi Note 12,Mid-Range,30841,3,Ahmedabad,Gujarat,COD,16,3.8,1044,8/9/2025,1044,92523,14803.68,77719.32,1144
1144,8/10/2024,Apple,iPhone 15,Budget,11968,2,Kolkata,West Bengal,Credit Card,12,3.7,1144,8/10/2025,1144,23936,2872.32,21063.68,1225
1225,8/10/2024,Realme,Realme GT,Mid-Range,36593,3,Ahmedabad,Gujarat,COD,11,4.8,1225,8/10/2025,1225,109779,12075.69,97703.31,1420
1420,8/12/2024,Samsung,Galaxy A54,Mid-Range,20908,3,Jaipur,Rajasthan,Debit Card,8,4.3,1420,8/12/2025,1420,62724,5017.92,57706.08,1197
1197,9/1/2024,Realme,Realme Narzo 60,Mid-Range,19243,2,Ahmedabad,Gujarat,UPI,17,3.6,1197,9/1/2025,1197,38486,6542.62,31943.38,1278
1278,9/1/2024,Xiaomi,Mi 11X,Mid-Range,39706,2,Kolkata,West Bengal,Debit Card,6,4.4,1278,9/1/2025,1278,79412,4764.72,74647.28,1294
1294,9/1/2024,Realme,Realme GT,Mid-Range,26222,3,Lucknow,Uttar Pradesh,UPI,12,4,1294,9/1/2025,1294,78666,9439.92,69226.08,1460
1460,9/1/2024,Samsung,Galaxy S23,Premium,65251,3,Bangalore,Karnataka,COD,15,4,1460,9/1/2025,1460,195753,29362.95,166390.05,1143
1143,9/2/2024,Xiaomi,Mi 11X,Mid-Range,37589,2,Kolkata,West Bengal,Credit Card,5,4,1143,9/2/2025,1143,75178,3758.9,71419.1,1036
1036,9/3/2024,Xiaomi,Redmi Note 12,Premium,73143,3,Kolkata,West Bengal,UPI,9,3.9,1036,9/3/2025,1036,219429,19748.61,199680.39,1005
1005,9/4/2024,OnePlus,OnePlus 11,Premium,73931,1,Delhi,Delhi,COD,15,4.1,1005,9/4/2025,1005,73931,11089.65,62841.35,1148
1148,9/4/2024,Apple,iPhone 15,Premium,83039,1,Hyderabad,Telangana,Debit Card,10,3.7,1148,9/4/2025,1148,83039,8303.9,74735.1,1321
1321,9/4/2024,Xiaomi,Mi 11X,Premium,84157,1,Mumbai,Maharashtra,Debit Card,14,4.1,1321,9/4/2025,1321,84157,11781.98,72375.02,1380
1380,9/5/2024,Xiaomi,Redmi 11,Premium,70361,2,Jaipur,Rajasthan,Credit Card,19,3.7,1380,9/5/2025,1380,140722,26737.18,113984.82,1082
1082,9/6/2024,Realme,Realme 11,Premium,77956,2,Kolkata,West Bengal,UPI,6,4.3,1082,9/6/2025,1082,155912,9354.72,146557.28,1222
1222,9/7/2024,Realme,Realme 11,Budget,11561,1,Lucknow,Uttar Pradesh,UPI,17,4.1,1222,9/7/2025,1222,11561,1965.37,9595.63,1237
1237,9/8/2024,Apple,iPhone 13,Mid-Range,38451,2,Hyderabad,Telangana,UPI,19,4.3,1237,9/8/2025,1237,76902,14611.38,62290.62,1159
1159,9/9/2024,Xiaomi,Redmi Note 12,Budget,12020,3,Lucknow,Uttar Pradesh,COD,7,3.9,1159,9/9/2025,1159,36060,2524.2,33535.8,1302
1302,9/9/2024,Apple,iPhone 15,Budget,10433,3,Bangalore,Karnataka,UPI,18,3.9,1302,9/9/2025,1302,31299,5633.82,25665.18,1307
1307,9/9/2024,Xiaomi,Redmi Note 12,Mid-Range,19446,3,Jaipur,Rajasthan,UPI,18,3.9,1307,9/9/2025,1307,58338,10500.84,47837.16,1255
1255,9/10/2024,Samsung,Galaxy A54,Budget,10939,1,Mumbai,Maharashtra,Credit Card,7,4.2,1255,9/10/2025,1255,10939,765.73,10173.27,1074
1074,9/11/2024,Samsung,Galaxy A54,Budget,12327,3,Hyderabad,Telangana,Debit Card,19,4.3,1074,9/11/2025,1074,36981,7026.39,29954.61,1124
1124,9/12/2024,OnePlus,OnePlus 10R,Mid-Range,16439,2,Ahmedabad,Gujarat,COD,18,4.7,1124,9/12/2025,1124,32878,5918.04,26959.96,1068
1068,10/3/2024,Xiaomi,Mi 11X,Premium,71563,1,Mumbai,Maharashtra,Debit Card,7,4,1068,10/3/2025,1068,71563,5009.41,66553.59,1397
1397,10/3/2024,Apple,iPhone 15,Premium,70530,1,Mumbai,Maharashtra,UPI,16,3.7,1397,10/3/2025,1397,70530,11284.8,59245.2,1415
1415,10/3/2024,Xiaomi,Redmi Note 12,Mid-Range,24375,3,Delhi,Delhi,COD,10,3.9,1415,10/3/2025,1415,73125,7312.5,65812.5,1447
1447,10/3/2024,Samsung,Galaxy S23,Premium,87620,2,Ahmedabad,Gujarat,Credit Card,10,4.6,1447,10/3/2025,1447,175240,17524,157716,1496
1496,10/4/2024,Xiaomi,Redmi Note 12,Mid-Range,17170,1,Bangalore,Karnataka,UPI,18,4.7,1496,10/4/2025,1496,17170,3090.6,14079.4,1117
1117,10/5/2024,Realme,Realme GT,Budget,13821,2,Mumbai,Maharashtra,Credit Card,8,4.4,1117,10/5/2025,1117,27642,2211.36,25430.64,1009
1009,10/6/2024,Xiaomi,Mi 11X,Premium,84401,1,Kolkata,West Bengal,Credit Card,14,3.7,1009,10/6/2025,1009,84401,11816.14,72584.86,1403
1403,10/6/2024,OnePlus,OnePlus 11,Budget,12027,2,Hyderabad,Telangana,Credit Card,17,4.3,1403,10/6/2025,1403,24054,4089.18,19964.82,1186
1186,10/7/2024,Apple,iPhone 14,Budget,11287,3,Bangalore,Karnataka,COD,8,4.7,1186,10/7/2025,1186,33861,2708.88,31152.12,1017
1017,10/8/2024,Xiaomi,Mi 11X,Budget,13657,2,Hyderabad,Telangana,Credit Card,16,3.8,1017,10/8/2025,1017,27314,4370.24,22943.76,1319
1319,10/8/2024,OnePlus,OnePlus 10R,Premium,86297,3,Jaipur,Rajasthan,COD,17,4.4,1319,10/8/2025,1319,258891,44011.47,214879.53,1296
1296,10/10/2024,Apple,iPhone 13,Budget,12518,3,Kolkata,West Bengal,Debit Card,6,4.7,1296,10/10/2025,1296,37554,2253.24,35300.76,1358
1358,10/10/2024,Samsung,Galaxy A54,Premium,80653,3,Ahmedabad,Gujarat,Credit Card,17,3.9,1358,10/10/2025,1358,241959,41133.03,200825.97,1363
1363,10/10/2024,Xiaomi,Redmi Note 12,Budget,14279,1,Lucknow,Uttar Pradesh,Credit Card,9,4.2,1363,10/10/2025,1363,14279,1285.11,12993.89,1425
1425,10/10/2024,Apple,iPhone 15,Mid-Range,28891,1,Mumbai,Maharashtra,COD,10,4.7,1425,10/10/2025,1425,28891,2889.1,26001.9,1435
1435,10/10/2024,Apple,iPhone 15,Budget,8812,1,Hyderabad,Telangana,Credit Card,11,4.1,1435,10/10/2025,1435,8812,969.32,7842.68,1014
1014,10/12/2024,Samsung,Galaxy A54,Mid-Range,37487,3,Lucknow,Uttar Pradesh,Credit Card,7,4.3,1014,10/12/2025,1014,112461,7872.27,104588.73,1055
1055,10/12/2024,Apple,iPhone 14,Budget,14957,1,Ahmedabad,Gujarat,Credit Card,6,4.2,1055,10/12/2025,1055,14957,897.42,14059.58,1211
1211,10/12/2024,Apple,iPhone 13,Budget,9872,3,Jaipur,Rajasthan,COD,20,4.5,1211,10/12/2025,1211,29616,5923.2,23692.8,1178
1178,11/1/2024,OnePlus,Nord CE 3,Premium,77363,1,Lucknow,Uttar Pradesh,COD,10,3.7,1178,11/1/2025,1178,77363,7736.3,69626.7,1421
1421,11/1/2024,Samsung,Galaxy M14,Mid-Range,34514,1,Delhi,Delhi,UPI,19,4.1,1421,11/1/2025,1421,34514,6557.66,27956.34,1118
1118,11/2/2024,Realme,Realme GT,Budget,12944,1,Kolkata,West Bengal,COD,12,4.2,1118,11/2/2025,1118,12944,1553.28,11390.72,1279
1279,11/2/2024,Xiaomi,Redmi Note 12,Budget,10431,3,Jaipur,Rajasthan,UPI,13,4.9,1279,11/2/2025,1279,31293,4068.09,27224.91,1035
1035,11/3/2024,OnePlus,OnePlus 10R,Budget,11558,1,Jaipur,Rajasthan,UPI,13,3.5,1035,11/3/2025,1035,11558,1502.54,10055.46,1402
1402,11/4/2024,Xiaomi,Redmi Note 12,Premium,79108,1,Kolkata,West Bengal,Debit Card,5,3.5,1402,11/4/2025,1402,79108,3955.4,75152.6,1488
1488,11/5/2024,Apple,iPhone 14,Mid-Range,27604,3,Mumbai,Maharashtra,UPI,19,4.8,1488,11/5/2025,1488,82812,15734.28,67077.72,1305
1305,11/8/2024,Xiaomi,Mi 11X,Premium,63307,1,Kolkata,West Bengal,Credit Card,12,4.6,1305,11/8/2025,1305,63307,7596.84,55710.16,1490
1490,11/8/2024,Apple,iPhone 15,Mid-Range,28065,3,Hyderabad,Telangana,COD,14,3.6,1490,11/8/2025,1490,84195,11787.3,72407.7,1245
1245,11/9/2024,Realme,Realme 11,Budget,11228,1,Bangalore,Karnataka,UPI,8,4.2,1245,11/9/2025,1245,11228,898.24,10329.76,1480
1480,11/10/2024,Apple,iPhone 15,Budget,10666,3,Mumbai,Maharashtra,Debit Card,5,4.8,1480,11/10/2025,1480,31998,1599.9,30398.1,1218
1218,11/11/2024,Realme,Realme GT,Premium,87109,3,Mumbai,Maharashtra,UPI,5,4.3,1218,11/11/2025,1218,261327,13066.35,248260.65,1043
1043,12/1/2024,Apple,iPhone 13,Premium,87153,1,Jaipur,Rajasthan,Credit Card,6,4.4,1043,12/1/2025,1043,87153,5229.18,81923.82,1028
1028,12/2/2024,Xiaomi,Mi 11X,Budget,10235,3,Kolkata,West Bengal,Credit Card,14,3.6,1028,12/2/2025,1028,30705,4298.7,26406.3,1184
1184,12/2/2024,Samsung,Galaxy S23,Premium,76219,3,Kolkata,West Bengal,COD,6,4.5,1184,12/2/2025,1184,228657,13719.42,214937.58,1219
1219,12/2/2024,Xiaomi,Redmi 11,Premium,64646,1,Jaipur,Rajasthan,UPI,16,3.8,1219,12/2/2025,1219,64646,10343.36,54302.64,1238
1238,12/2/2024,Xiaomi,Mi 11X,Mid-Range,17885,1,Lucknow,Uttar Pradesh,Credit Card,7,4.5,1238,12/2/2025,1238,17885,1251.95,16633.05,1459
1459,12/2/2024,Realme,Realme 11,Premium,66033,3,Mumbai,Maharashtra,Credit Card,14,4.3,1459,12/2/2025,1459,198099,27733.86,170365.14,1357
1357,12/3/2024,Realme,Realme Narzo 60,Premium,85016,3,Lucknow,Uttar Pradesh,UPI,18,4.5,1357,12/3/2025,1357,255048,45908.64,209139.36,1109
1109,12/4/2024,Samsung,Galaxy A54,Mid-Range,37833,2,Bangalore,Karnataka,COD,14,4.7,1109,12/4/2025,1109,75666,10593.24,65072.76,1353
1353,12/4/2024,Apple,iPhone 14,Premium,80154,1,Ahmedabad,Gujarat,Credit Card,17,4.3,1353,12/4/2025,1353,80154,13626.18,66527.82,1243
1243,12/5/2024,Apple,iPhone 14,Premium,68898,2,Delhi,Delhi,COD,17,3.7,1243,12/5/2025,1243,137796,23425.32,114370.68,1253
1253,12/5/2024,Realme,Realme Narzo 60,Budget,11827,3,Kolkata,West Bengal,COD,8,4.8,1253,12/5/2025,1253,35481,2838.48,32642.52,1257
1257,12/7/2024,Apple,iPhone 15,Premium,83585,1,Bangalore,Karnataka,Debit Card,7,4.3,1257,12/7/2025,1257,83585,5850.95,77734.05,1272
1272,12/8/2024,Apple,iPhone 14,Mid-Range,35939,2,Ahmedabad,Gujarat,COD,16,3.9,1272,12/8/2025,1272,71878,11500.48,60377.52,1316
1316,12/8/2024,OnePlus,Nord CE 3,Premium,80626,2,Lucknow,Uttar Pradesh,Credit Card,16,4.5,1316,12/8/2025,1316,161252,25800.32,135451.68,1329
1329,12/9/2024,Apple,iPhone 13,Premium,80259,3,Lucknow,Uttar Pradesh,Credit Card,20,3.7,1329,12/9/2025,1329,240777,48155.4,192621.6,1154
1154,12/10/2024,Xiaomi,Redmi Note 12,Premium,62791,2,Delhi,Delhi,Credit Card,20,3.8,1154,12/10/2025,1154,125582,25116.4,100465.6,1083
1083,12/11/2024,Apple,iPhone 13,Budget,14754,3,Lucknow,Uttar Pradesh,Credit Card,8,4.7,1083,12/11/2025,1083,44262,3540.96,40721.04,1339
1339,12/11/2024,Realme,Realme 11,Budget,12267,1,Jaipur,Rajasthan,COD,18,4.7,1339,12/11/2025,1339,12267,2208.06,10058.94,1177
1177,13-01-2024,Samsung,Galaxy S23,Budget,11698,3,Lucknow,Uttar Pradesh,UPI,18,4.5,1177,13-01-2025,1177,35094,6316.92,28777.08,1250
1250,13-03-2024,OnePlus,OnePlus 10R,Premium,89216,1,Jaipur,Rajasthan,UPI,11,3.9,1250,13-03-2025,1250,89216,9813.76,79402.24,1391
1391,13-04-2024,Xiaomi,Mi 11X,Mid-Range,15700,2,Lucknow,Uttar Pradesh,Credit Card,15,4.9,1391,13-04-2025,1391,31400,4710,26690,1492
1492,13-04-2024,Samsung,Galaxy S23,Budget,10039,3,Delhi,Delhi,UPI,5,3.9,1492,13-04-2025,1492,30117,1505.85,28611.15,1346
1346,13-05-2024,Realme,Realme Narzo 60,Mid-Range,23303,3,Kolkata,West Bengal,Credit Card,19,4.7,1346,13-05-2025,1346,69909,13282.71,56626.29,1478
1478,13-12-2024,Samsung,Galaxy S23,Mid-Range,18142,3,Jaipur,Rajasthan,Debit Card,16,4.5,1478,13-12-2025,1478,54426,8708.16,45717.84,1042
1042,14-01-2024,Samsung,Galaxy M14,Mid-Range,39885,3,Bangalore,Karnataka,UPI,11,3.6,1042,14-01-2025,1042,119655,13162.05,106492.95,1205
1205,14-02-2024,Apple,iPhone 14,Premium,76654,1,Jaipur,Rajasthan,Debit Card,11,4,1205,14-02-2025,1205,76654,8431.94,68222.06,1310
1310,14-02-2024,Realme,Realme Narzo 60,Budget,11562,1,Jaipur,Rajasthan,Credit Card,20,4.5,1310,14-02-2025,1310,11562,2312.4,9249.6,1463
1463,14-02-2024,OnePlus,Nord CE 3,Premium,67492,1,Lucknow,Uttar Pradesh,Credit Card,9,4.8,1463,14-02-2025,1463,67492,6074.28,61417.72,1016
1016,14-04-2024,Xiaomi,Redmi Note 12,Mid-Range,17292,1,Kolkata,West Bengal,Debit Card,15,4.6,1016,14-04-2025,1016,17292,2593.8,14698.2,1119
1119,14-04-2024,Realme,Realme 11,Mid-Range,36069,1,Mumbai,Maharashtra,Credit Card,9,4.8,1119,14-04-2025,1119,36069,3246.21,32822.79,1195
1195,14-04-2024,Samsung,Galaxy A54,Premium,67222,1,Delhi,Delhi,Debit Card,9,4.2,1195,14-04-2025,1195,67222,6049.98,61172.02,1213
1213,14-04-2024,Apple,iPhone 15,Premium,64283,1,Ahmedabad,Gujarat,Credit Card,13,4.5,1213,14-04-2025,1213,64283,8356.79,55926.21,1130
1130,14-05-2024,Apple,iPhone 15,Mid-Range,35168,1,Delhi,Delhi,UPI,15,4.6,1130,14-05-2025,1130,35168,5275.2,29892.8,1182
1182,14-05-2024,Realme,Realme GT,Premium,70509,2,Ahmedabad,Gujarat,Debit Card,20,4.4,1182,14-05-2025,1182,141018,28203.6,112814.4,1276
1276,14-05-2024,Realme,Realme Narzo 60,Budget,9994,2,Delhi,Delhi,Credit Card,11,4,1276,14-05-2025,1276,19988,2198.68,17789.32,1410
1410,14-05-2024,OnePlus,OnePlus 11,Premium,67384,3,Lucknow,Uttar Pradesh,COD,17,3.8,1410,14-05-2025,1410,202152,34365.84,167786.16,1438
1438,14-05-2024,OnePlus,OnePlus 11,Mid-Range,21788,3,Ahmedabad,Gujarat,Credit Card,20,4.7,1438,14-05-2025,1438,65364,13072.8,52291.2,1121
1121,14-07-2024,Apple,iPhone 13,Budget,11969,1,Mumbai,Maharashtra,Credit Card,6,3.7,1121,14-07-2025,1121,11969,718.14,11250.86,1201
1201,14-07-2024,Samsung,Galaxy M14,Premium,64509,2,Lucknow,Uttar Pradesh,Debit Card,18,4.3,1201,14-07-2025,1201,129018,23223.24,105794.76,1151
1151,14-09-2024,OnePlus,OnePlus 11,Mid-Range,38274,1,Bangalore,Karnataka,Credit Card,12,3.7,1151,14-09-2025,1151,38274,4592.88,33681.12,1299
1299,14-09-2024,Xiaomi,Mi 11X,Premium,70158,3,Ahmedabad,Gujarat,Debit Card,9,3.6,1299,14-09-2025,1299,210474,18942.66,191531.34,1093
1093,14-11-2024,OnePlus,OnePlus 11,Premium,85249,2,Lucknow,Uttar Pradesh,COD,10,4.5,1093,14-11-2025,1093,170498,17049.8,153448.2,1192
1192,14-11-2024,Realme,Realme 11,Mid-Range,24510,3,Lucknow,Uttar Pradesh,Credit Card,17,3.7,1192,14-11-2025,1192,73530,12500.1,61029.9,1204
1204,14-11-2024,Realme,Realme Narzo 60,Mid-Range,22747,3,Hyderabad,Telangana,UPI,5,4.1,1204,14-11-2025,1204,68241,3412.05,64828.95,1230
1230,14-11-2024,Apple,iPhone 15,Budget,13005,2,Hyderabad,Telangana,UPI,14,3.9,1230,14-11-2025,1230,26010,3641.4,22368.6,1384
1384,14-11-2024,Apple,iPhone 13,Budget,14095,1,Delhi,Delhi,Credit Card,19,3.8,1384,14-11-2025,1384,14095,2678.05,11416.95,1440
1440,14-12-2024,Xiaomi,Mi 11X,Budget,14949,1,Kolkata,West Bengal,Credit Card,14,4.1,1440,14-12-2025,1440,14949,2092.86,12856.14,1147
1147,15-01-2024,Xiaomi,Redmi 11,Premium,64685,3,Lucknow,Uttar Pradesh,Credit Card,11,3.8,1147,15-01-2025,1147,194055,21346.05,172708.95,1256
1256,15-01-2024,Xiaomi,Mi 11X,Mid-Range,32718,3,Lucknow,Uttar Pradesh,UPI,20,4.5,1256,15-01-2025,1256,98154,19630.8,78523.2,1386
1386,15-01-2024,Samsung,Galaxy M14,Mid-Range,36901,3,Delhi,Delhi,Credit Card,13,3.9,1386,15-01-2025,1386,110703,14391.39,96311.61,1244
1244,15-03-2024,Realme,Realme 11,Budget,8293,3,Kolkata,West Bengal,Debit Card,6,4.4,1244,15-03-2025,1244,24879,1492.74,23386.26,1252
1252,15-03-2024,OnePlus,OnePlus 11,Mid-Range,16115,1,Delhi,Delhi,UPI,18,4.5,1252,15-03-2025,1252,16115,2900.7,13214.3,1188
1188,15-05-2024,Samsung,Galaxy A54,Premium,67364,3,Mumbai,Maharashtra,Debit Card,19,3.7,1188,15-05-2025,1188,202092,38397.48,163694.52,1024
1024,15-07-2024,Realme,Realme 11,Budget,13115,2,Bangalore,Karnataka,UPI,15,4.8,1024,15-07-2025,1024,26230,3934.5,22295.5,1409
1409,15-07-2024,Samsung,Galaxy A54,Mid-Range,29358,3,Hyderabad,Telangana,Credit Card,8,3.7,1409,15-07-2025,1409,88074,7045.92,81028.08,1088
1088,15-08-2024,OnePlus,OnePlus 11,Budget,13120,1,Bangalore,Karnataka,Debit Card,19,4.7,1088,15-08-2025,1088,13120,2492.8,10627.2,1168
1168,15-08-2024,Samsung,Galaxy A54,Budget,10347,2,Bangalore,Karnataka,Credit Card,17,4.8,1168,15-08-2025,1168,20694,3517.98,17176.02,1444
1444,15-09-2024,Xiaomi,Mi 11X,Budget,12528,3,Ahmedabad,Gujarat,UPI,18,4.7,1444,15-09-2025,1444,37584,6765.12,30818.88,1221
1221,15-10-2024,Samsung,Galaxy A54,Budget,11399,3,Delhi,Delhi,Debit Card,19,3.6,1221,15-10-2025,1221,34197,6497.43,27699.57,1481
1481,15-10-2024,Apple,iPhone 13,Mid-Range,37111,3,Kolkata,West Bengal,Debit Card,7,3.7,1481,15-10-2025,1481,111333,7793.31,103539.69,1193
1193,15-11-2024,Apple,iPhone 15,Mid-Range,36383,3,Bangalore,Karnataka,COD,8,3.6,1193,15-11-2025,1193,109149,8731.92,100417.08,1315
1315,16-01-2024,Apple,iPhone 14,Mid-Range,33426,3,Ahmedabad,Gujarat,COD,20,4.3,1315,16-01-2025,1315,100278,20055.6,80222.4,1069
1069,16-02-2024,Realme,Realme GT,Premium,83120,2,Mumbai,Maharashtra,UPI,7,4,1069,16-02-2025,1069,166240,11636.8,154603.2,1157
1157,16-02-2024,Realme,Realme GT,Premium,87835,2,Kolkata,West Bengal,COD,20,4.1,1157,16-02-2025,1157,175670,35134,140536,1138
1138,16-03-2024,Apple,iPhone 13,Mid-Range,16055,3,Jaipur,Rajasthan,Credit Card,16,3.5,1138,16-03-2025,1138,48165,7706.4,40458.6,1350
1350,16-03-2024,Realme,Realme 11,Mid-Range,35099,2,Jaipur,Rajasthan,COD,9,3.9,1350,16-03-2025,1350,70198,6317.82,63880.18,1171
1171,16-04-2024,OnePlus,OnePlus 11,Mid-Range,34553,1,Jaipur,Rajasthan,UPI,14,4.5,1171,16-04-2025,1171,34553,4837.42,29715.58,1199
1199,16-05-2024,Realme,Realme GT,Mid-Range,30770,3,Lucknow,Uttar Pradesh,Debit Card,12,4.2,1199,16-05-2025,1199,92310,11077.2,81232.8,1306
1306,16-05-2024,Realme,Realme Narzo 60,Budget,10119,2,Mumbai,Maharashtra,Debit Card,15,4.8,1306,16-05-2025,1306,20238,3035.7,17202.3,1076
1076,16-08-2024,Samsung,Galaxy M14,Premium,83821,3,Mumbai,Maharashtra,COD,7,3.7,1076,16-08-2025,1076,251463,17602.41,233860.59,1137
1137,16-08-2024,OnePlus,OnePlus 10R,Budget,10453,2,Ahmedabad,Gujarat,COD,7,4.8,1137,16-08-2025,1137,20906,1463.42,19442.58,1371
1371,16-10-2024,Realme,Realme GT,Mid-Range,26023,3,Bangalore,Karnataka,Credit Card,19,4.7,1371,16-10-2025,1371,78069,14833.11,63235.89,1049
1049,16-11-2024,Xiaomi,Redmi Note 12,Budget,12713,2,Lucknow,Uttar Pradesh,Debit Card,6,4.7,1049,16-11-2025,1049,25426,1525.56,23900.44,1206
1206,16-11-2024,Samsung,Galaxy A54,Mid-Range,39254,1,Mumbai,Maharashtra,Credit Card,6,3.7,1206,16-11-2025,1206,39254,2355.24,36898.76,1482
1482,16-12-2024,OnePlus,Nord CE 3,Budget,9831,3,Mumbai,Maharashtra,Credit Card,12,4.4,1482,16-12-2025,1482,29493,3539.16,25953.84,1134
1134,17-01-2024,Apple,iPhone 15,Mid-Range,15736,2,Delhi,Delhi,COD,11,4.2,1134,17-01-2025,1134,31472,3461.92,28010.08,1443
1443,17-02-2024,Realme,Realme Narzo 60,Budget,14218,3,Ahmedabad,Gujarat,Credit Card,8,4.4,1443,17-02-2025,1443,42654,3412.32,39241.68,1497
1497,17-04-2024,Apple,iPhone 15,Premium,71422,1,Mumbai,Maharashtra,UPI,16,4.4,1497,17-04-2025,1497,71422,11427.52,59994.48,1183
1183,17-05-2024,Xiaomi,Redmi 11,Budget,14384,1,Hyderabad,Telangana,Credit Card,18,4.5,1183,17-05-2025,1183,14384,2589.12,11794.88,1341
1341,17-07-2024,Samsung,Galaxy M14,Mid-Range,37304,2,Kolkata,West Bengal,UPI,12,4.7,1341,17-07-2025,1341,74608,8952.96,65655.04,1015
1015,17-08-2024,Apple,iPhone 14,Budget,9267,2,Ahmedabad,Gujarat,COD,7,3.5,1015,17-08-2025,1015,18534,1297.38,17236.62,1370
1370,17-08-2024,Apple,iPhone 13,Mid-Range,25314,3,Delhi,Delhi,COD,16,4.2,1370,17-08-2025,1370,75942,12150.72,63791.28,1078
1078,17-09-2024,Apple,iPhone 14,Budget,8873,3,Kolkata,West Bengal,Credit Card,5,4.2,1078,17-09-2025,1078,26619,1330.95,25288.05,1473
1473,17-12-2024,OnePlus,Nord CE 3,Premium,64929,2,Hyderabad,Telangana,Debit Card,7,3.9,1473,17-12-2025,1473,129858,9090.06,120767.94,1326
1326,18-03-2024,OnePlus,OnePlus 11,Premium,84557,2,Bangalore,Karnataka,UPI,5,4.2,1326,18-03-2025,1326,169114,8455.7,160658.3,1500
1500,18-03-2024,Samsung,Galaxy A54,Premium,86745,2,Delhi,Delhi,Credit Card,16,4.1,1500,18-03-2025,1500,173490,27758.4,145731.6,1122
1122,18-04-2024,Apple,iPhone 14,Mid-Range,28446,1,Ahmedabad,Gujarat,COD,5,4.5,1122,18-04-2025,1122,28446,1422.3,27023.7,1248
1248,18-04-2024,OnePlus,OnePlus 11,Premium,89014,1,Lucknow,Uttar Pradesh,COD,10,4.6,1248,18-04-2025,1248,89014,8901.4,80112.6,1328
1328,18-04-2024,Realme,Realme Narzo 60,Budget,9664,2,Kolkata,West Bengal,COD,13,4.2,1328,18-04-2025,1328,19328,2512.64,16815.36,1336
1336,18-04-2024,Xiaomi,Redmi 11,Mid-Range,27736,1,Kolkata,West Bengal,Debit Card,19,3.8,1336,18-04-2025,1336,27736,5269.84,22466.16,1434
1434,18-04-2024,Realme,Realme GT,Premium,62081,3,Ahmedabad,Gujarat,COD,12,3.8,1434,18-04-2025,1434,186243,22349.16,163893.84,1089
1089,18-05-2024,Realme,Realme Narzo 60,Mid-Range,30661,3,Bangalore,Karnataka,Credit Card,8,4.2,1089,18-05-2025,1089,91983,7358.64,84624.36,1467
1467,18-05-2024,Apple,iPhone 14,Budget,10876,3,Hyderabad,Telangana,UPI,20,4.4,1467,18-05-2025,1467,32628,6525.6,26102.4,1031
1031,18-06-2024,Xiaomi,Redmi Note 12,Mid-Range,19073,1,Ahmedabad,Gujarat,Debit Card,15,3.5,1031,18-06-2025,1031,19073,2860.95,16212.05,1115
1115,18-06-2024,Realme,Realme 11,Premium,67321,1,Lucknow,Uttar Pradesh,Debit Card,9,3.7,1115,18-06-2025,1115,67321,6058.89,61262.11,1127
1127,18-06-2024,Apple,iPhone 14,Mid-Range,20910,2,Jaipur,Rajasthan,Debit Card,20,3.9,1127,18-06-2025,1127,41820,8364,33456,1032
1032,18-07-2024,Samsung,Galaxy S23,Budget,8444,3,Kolkata,West Bengal,COD,8,4.3,1032,18-07-2025,1032,25332,2026.56,23305.44,1249
1249,18-08-2024,Samsung,Galaxy M14,Budget,11538,1,Jaipur,Rajasthan,UPI,15,4.5,1249,18-08-2025,1249,11538,1730.7,9807.3,1395
1395,18-08-2024,OnePlus,Nord CE 3,Premium,75561,2,Ahmedabad,Gujarat,UPI,9,4.4,1395,18-08-2025,1395,151122,13600.98,137521.02,1034
1034,18-10-2024,Samsung,Galaxy S23,Mid-Range,19471,3,Lucknow,Uttar Pradesh,UPI,12,4.1,1034,18-10-2025,1034,58413,7009.56,51403.44,1176
1176,18-10-2024,Xiaomi,Redmi 11,Budget,13507,3,Delhi,Delhi,COD,18,4,1176,18-10-2025,1176,40521,7293.78,33227.22,1401
1401,18-10-2024,Realme,Realme GT,Mid-Range,30835,3,Kolkata,West Bengal,Debit Card,14,3.6,1401,18-10-2025,1401,92505,12950.7,79554.3,1029
1029,18-12-2024,Samsung,Galaxy S23,Mid-Range,39516,1,Bangalore,Karnataka,Debit Card,14,3.7,1029,18-12-2025,1029,39516,5532.24,33983.76,1189
1189,18-12-2024,Realme,Realme Narzo 60,Mid-Range,36473,3,Bangalore,Karnataka,Credit Card,19,3.9,1189,18-12-2025,1189,109419,20789.61,88629.39,1207
1207,18-12-2024,Realme,Realme Narzo 60,Mid-Range,21211,3,Hyderabad,Telangana,COD,18,4.7,1207,18-12-2025,1207,63633,11453.94,52179.06,1139
1139,19-01-2024,Realme,Realme 11,Premium,61574,1,Ahmedabad,Gujarat,UPI,6,4.1,1139,19-01-2025,1139,61574,3694.44,57879.56,1383
1383,19-01-2024,OnePlus,Nord CE 3,Premium,74954,2,Hyderabad,Telangana,Debit Card,20,4.2,1383,19-01-2025,1383,149908,29981.6,119926.4,1330
1330,19-02-2024,Xiaomi,Redmi 11,Premium,73384,1,Delhi,Delhi,COD,13,3.7,1330,19-02-2025,1330,73384,9539.92,63844.08,1494
1494,19-03-2024,Samsung,Galaxy M14,Budget,11152,2,Bangalore,Karnataka,Debit Card,18,4.5,1494,19-03-2025,1494,22304,4014.72,18289.28,1200
1200,19-04-2024,Xiaomi,Redmi 11,Mid-Range,32135,2,Jaipur,Rajasthan,Credit Card,5,3.8,1200,19-04-2025,1200,64270,3213.5,61056.5,1288
1288,19-04-2024,Samsung,Galaxy M14,Mid-Range,35951,3,Bangalore,Karnataka,COD,12,4.8,1288,19-04-2025,1288,107853,12942.36,94910.64,1449
1449,19-05-2024,OnePlus,OnePlus 11,Budget,14374,3,Kolkata,West Bengal,COD,16,3.8,1449,19-05-2025,1449,43122,6899.52,36222.48,1284
1284,19-06-2024,Xiaomi,Redmi 11,Budget,12458,2,Mumbai,Maharashtra,COD,6,3.8,1284,19-06-2025,1284,24916,1494.96,23421.04,1408
1408,19-06-2024,OnePlus,Nord CE 3,Budget,11641,3,Ahmedabad,Gujarat,UPI,13,4.4,1408,19-06-2025,1408,34923,4539.99,30383.01,1373
1373,19-08-2024,OnePlus,OnePlus 11,Mid-Range,33523,1,Kolkata,West Bengal,Credit Card,9,3.9,1373,19-08-2025,1373,33523,3017.07,30505.93,1038
1038,19-09-2024,Realme,Realme 11,Premium,88752,1,Jaipur,Rajasthan,UPI,5,3.7,1038,19-09-2025,1038,88752,4437.6,84314.4,1128
1128,19-11-2024,Xiaomi,Redmi Note 12,Premium,68889,1,Ahmedabad,Gujarat,Debit Card,20,3.9,1128,19-11-2025,1128,68889,13777.8,55111.2,1325
1325,19-12-2024,Xiaomi,Mi 11X,Budget,11765,1,Jaipur,Rajasthan,UPI,10,4.2,1325,19-12-2025,1325,11765,1176.5,10588.5,1291
1291,20-01-2024,Samsung,Galaxy M14,Budget,9760,1,Jaipur,Rajasthan,Credit Card,18,4.4,1291,20-01-2025,1291,9760,1756.8,8003.2,1499
1499,20-01-2024,Xiaomi,Redmi 11,Budget,12274,2,Jaipur,Rajasthan,UPI,12,4.1,1499,20-01-2025,1499,24548,2945.76,21602.24,1335
1335,20-03-2024,Realme,Realme 11,Mid-Range,37075,3,Lucknow,Uttar Pradesh,Debit Card,9,4.6,1335,20-03-2025,1335,111225,10010.25,101214.75,1099
1099,20-04-2024,Xiaomi,Redmi Note 12,Mid-Range,19827,3,Kolkata,West Bengal,Debit Card,9,4.5,1099,20-04-2025,1099,59481,5353.29,54127.71,1290
1290,20-04-2024,Apple,iPhone 13,Premium,75453,3,Ahmedabad,Gujarat,Credit Card,8,4.3,1290,20-04-2025,1290,226359,18108.72,208250.28,1470
1470,20-04-2024,Apple,iPhone 14,Budget,14686,3,Kolkata,West Bengal,Debit Card,7,4.7,1470,20-04-2025,1470,44058,3084.06,40973.94,1094
1094,20-05-2024,Realme,Realme Narzo 60,Mid-Range,36418,1,Mumbai,Maharashtra,COD,13,4.6,1094,20-05-2025,1094,36418,4734.34,31683.66,1052
1052,20-06-2024,Xiaomi,Redmi 11,Premium,70300,1,Jaipur,Rajasthan,Debit Card,7,4,1052,20-06-2025,1052,70300,4921,65379,1304
1304,20-06-2024,Samsung,Galaxy A54,Premium,69101,2,Kolkata,West Bengal,Debit Card,11,4.5,1304,20-06-2025,1304,138202,15202.22,122999.78,1422
1422,20-06-2024,OnePlus,OnePlus 11,Premium,75127,3,Bangalore,Karnataka,Credit Card,11,4.1,1422,20-06-2025,1422,225381,24791.91,200589.09,1092
1092,20-07-2024,Realme,Realme 11,Mid-Range,16109,1,Bangalore,Karnataka,UPI,7,4.2,1092,20-07-2025,1092,16109,1127.63,14981.37,1080
1080,20-08-2024,Xiaomi,Redmi 11,Mid-Range,18787,3,Delhi,Delhi,Credit Card,16,4.5,1080,20-08-2025,1080,56361,9017.76,47343.24,1220
1220,20-08-2024,Realme,Realme GT,Premium,79650,1,Lucknow,Uttar Pradesh,Credit Card,12,4.7,1220,20-08-2025,1220,79650,9558,70092,1394
1394,20-08-2024,Realme,Realme Narzo 60,Premium,84788,3,Hyderabad,Telangana,UPI,8,4.7,1394,20-08-2025,1394,254364,20349.12,234014.88,1456
1456,20-09-2024,Realme,Realme 11,Budget,9859,2,Mumbai,Maharashtra,Credit Card,9,4.1,1456,20-09-2025,1456,19718,1774.62,17943.38,1457
1457,20-10-2024,OnePlus,OnePlus 11,Mid-Range,35446,2,Mumbai,Maharashtra,Debit Card,10,3.6,1457,20-10-2025,1457,70892,7089.2,63802.8,1493
1493,20-10-2024,OnePlus,OnePlus 11,Budget,14278,2,Delhi,Delhi,COD,15,4.4,1493,20-10-2025,1493,28556,4283.4,24272.6,1344
1344,20-12-2024,Apple,iPhone 14,Budget,12233,3,Hyderabad,Telangana,Credit Card,19,4.2,1344,20-12-2025,1344,36699,6972.81,29726.19,1019
1019,21-01-2024,Realme,Realme GT,Budget,12170,2,Mumbai,Maharashtra,COD,10,4,1019,21-01-2024,1019,24340,2434,21906,1020
1020,21-01-2024,Xiaomi,Redmi 11,Mid-Range,34300,2,Mumbai,Maharashtra,COD,13,4,1020,21-01-2024,1020,68600,8918,59682,1340
1340,21-02-2024,Samsung,Galaxy S23,Premium,78517,3,Bangalore,Karnataka,COD,12,4.6,1340,21-02-2025,1340,235551,28266.12,207284.88,1110
1110,21-03-2024,Samsung,Galaxy A54,Premium,86346,1,Delhi,Delhi,Credit Card,8,3.7,1110,21-03-2025,1110,86346,6907.68,79438.32,1453
1453,21-03-2024,Xiaomi,Redmi 11,Budget,9855,2,Bangalore,Karnataka,Credit Card,18,4.8,1453,21-03-2025,1453,19710,3547.8,16162.2,1430
1430,21-04-2024,Apple,iPhone 13,Premium,83939,2,Kolkata,West Bengal,COD,10,3.8,1430,21-04-2025,1430,167878,16787.8,151090.2,1282
1282,21-05-2024,Samsung,Galaxy M14,Premium,83301,1,Mumbai,Maharashtra,Debit Card,20,4.5,1282,21-05-2025,1282,83301,16660.2,66640.8,1229
1229,21-06-2024,OnePlus,OnePlus 10R,Budget,8156,1,Hyderabad,Telangana,UPI,11,3.6,1229,21-06-2025,1229,8156,897.16,7258.84,1141
1141,21-08-2024,Samsung,Galaxy S23,Premium,80341,3,Kolkata,West Bengal,COD,11,4.9,1141,21-08-2025,1141,241023,26512.53,214510.47,1458
1458,21-08-2024,OnePlus,Nord CE 3,Mid-Range,26857,3,Bangalore,Karnataka,COD,7,4.4,1458,21-08-2025,1458,80571,5639.97,74931.03,1472
1472,21-08-2024,Realme,Realme GT,Premium,69937,2,Jaipur,Rajasthan,COD,6,4.9,1472,21-08-2025,1472,139874,8392.44,131481.56,1297
1297,21-09-2024,Xiaomi,Mi 11X,Budget,13503,1,Lucknow,Uttar Pradesh,COD,8,3.5,1297,21-09-2025,1297,13503,1080.24,12422.76,1431
1431,21-09-2024,Xiaomi,Redmi Note 12,Budget,11608,3,Delhi,Delhi,UPI,20,4.3,1431,21-09-2025,1431,34824,6964.8,27859.2,1084
1084,21-10-2024,Apple,iPhone 13,Premium,65457,2,Lucknow,Uttar Pradesh,UPI,16,3.5,1084,21-10-2025,1084,130914,20946.24,109967.76,1228
1228,21-10-2024,Xiaomi,Redmi Note 12,Mid-Range,18399,3,Delhi,Delhi,Credit Card,17,4,1228,21-10-2025,1228,55197,9383.49,45813.51,1286
1286,21-10-2024,Apple,iPhone 14,Premium,89101,3,Bangalore,Karnataka,COD,12,3.7,1286,21-10-2025,1286,267303,32076.36,235226.64,1433
1433,21-10-2024,Realme,Realme Narzo 60,Budget,10672,3,Kolkata,West Bengal,Debit Card,5,4.1,1433,21-10-2025,1433,32016,1600.8,30415.2,1436
1436,21-10-2024,Realme,Realme 11,Mid-Range,24870,3,Lucknow,Uttar Pradesh,Debit Card,5,3.5,1436,21-10-2025,1436,74610,3730.5,70879.5,1123
1123,21-11-2024,Xiaomi,Redmi 11,Premium,76950,1,Lucknow,Uttar Pradesh,Debit Card,5,4.7,1123,21-11-2025,1123,76950,3847.5,73102.5,1247
1247,21-11-2024,Realme,Realme GT,Mid-Range,36779,1,Ahmedabad,Gujarat,UPI,19,3.7,1247,21-11-2025,1247,36779,6988.01,29790.99,1002
1002,21-12-2024,Samsung,Galaxy A54,Premium,67775,3,Kolkata,West Bengal,Debit Card,14,4.3,1002,21-12-2025,1002,203325,28465.5,174859.5,1271
1271,21-12-2024,Xiaomi,Redmi 11,Mid-Range,20995,3,Lucknow,Uttar Pradesh,UPI,15,4,1271,21-12-2025,1271,62985,9447.75,53537.25,1347
1347,21-12-2024,Realme,Realme Narzo 60,Mid-Range,18617,3,Ahmedabad,Gujarat,Credit Card,7,4,1347,21-12-2025,1347,55851,3909.57,51941.43,1061
1061,22-01-2024,Samsung,Galaxy A54,Mid-Range,31624,1,Hyderabad,Telangana,UPI,10,4.2,1061,22-01-2025,1061,31624,3162.4,28461.6,1131
1131,22-02-2024,Realme,Realme Narzo 60,Budget,8423,2,Mumbai,Maharashtra,Credit Card,19,3.8,1131,22-02-2025,1131,16846,3200.74,13645.26,1165
1165,22-02-2024,OnePlus,OnePlus 11,Mid-Range,34025,3,Lucknow,Uttar Pradesh,Credit Card,20,4.3,1165,22-02-2025,1165,102075,20415,81660,1236
1236,22-02-2024,OnePlus,OnePlus 10R,Budget,14045,1,Delhi,Delhi,UPI,10,4.7,1236,22-02-2025,1236,14045,1404.5,12640.5,1142
1142,22-03-2024,OnePlus,OnePlus 11,Mid-Range,31201,3,Delhi,Delhi,Debit Card,20,4.1,1142,22-03-2025,1142,93603,18720.6,74882.4,1419
1419,22-03-2024,Realme,Realme GT,Premium,70261,3,Mumbai,Maharashtra,COD,6,3.8,1419,22-03-2025,1419,210783,12646.98,198136.02,1097
1097,22-05-2024,Apple,iPhone 13,Premium,70066,3,Delhi,Delhi,Credit Card,14,4.8,1097,22-05-2025,1097,210198,29427.72,180770.28,1217
1217,22-05-2024,Apple,iPhone 15,Premium,64120,3,Bangalore,Karnataka,Credit Card,8,3.5,1217,22-05-2025,1217,192360,15388.8,176971.2,1348
1348,22-05-2024,OnePlus,Nord CE 3,Budget,11002,3,Lucknow,Uttar Pradesh,COD,13,3.6,1348,22-05-2025,1348,33006,4290.78,28715.22,1309
1309,22-06-2024,Samsung,Galaxy A54,Mid-Range,19390,2,Hyderabad,Telangana,Credit Card,17,4,1309,22-06-2025,1309,38780,6592.6,32187.4,1136
1136,22-07-2024,Xiaomi,Redmi Note 12,Budget,14274,3,Hyderabad,Telangana,UPI,10,4.2,1136,22-07-2025,1136,42822,4282.2,38539.8,1354
1354,22-07-2024,Realme,Realme Narzo 60,Premium,68284,2,Mumbai,Maharashtra,COD,16,4.6,1354,22-07-2025,1354,136568,21850.88,114717.12,1027
1027,22-08-2024,Apple,iPhone 15,Premium,86014,3,Lucknow,Uttar Pradesh,COD,8,4.3,1027,22-08-2025,1027,258042,20643.36,237398.64,1075
1075,22-08-2024,Realme,Realme GT,Premium,64163,3,Kolkata,West Bengal,COD,5,3.8,1075,22-08-2025,1075,192489,9624.45,182864.55,1262
1262,22-08-2024,OnePlus,OnePlus 10R,Premium,73849,3,Lucknow,Uttar Pradesh,Debit Card,11,4.4,1262,22-08-2025,1262,221547,24370.17,197176.83,1105
1105,22-11-2024,OnePlus,Nord CE 3,Budget,11096,1,Lucknow,Uttar Pradesh,UPI,13,4.5,1105,22-11-2025,1105,11096,1442.48,9653.52,1292
1292,22-11-2024,Xiaomi,Redmi 11,Mid-Range,24162,3,Lucknow,Uttar Pradesh,Credit Card,18,4.7,1292,22-11-2025,1292,72486,13047.48,59438.52,1468
1468,22-11-2024,Realme,Realme GT,Budget,9686,3,Mumbai,Maharashtra,Debit Card,14,4.7,1468,22-11-2025,1468,29058,4068.12,24989.88,1412
1412,22-12-2024,OnePlus,Nord CE 3,Premium,77607,2,Hyderabad,Telangana,Credit Card,10,4.3,1412,22-12-2025,1412,155214,15521.4,139692.6,1133
1133,23-04-2024,Apple,iPhone 14,Mid-Range,26459,1,Kolkata,West Bengal,Credit Card,6,4.4,1133,23-04-2025,1133,26459,1587.54,24871.46,1345
1345,23-04-2024,Realme,Realme 11,Premium,66702,1,Hyderabad,Telangana,UPI,16,4.6,1345,23-04-2025,1345,66702,10672.32,56029.68,1388
1388,23-04-2024,Realme,Realme GT,Mid-Range,26391,3,Hyderabad,Telangana,Credit Card,12,3.8,1388,23-04-2025,1388,79173,9500.76,69672.24,1366
1366,23-06-2024,OnePlus,OnePlus 11,Budget,11763,3,Lucknow,Uttar Pradesh,COD,10,4.2,1366,23-06-2025,1366,35289,3528.9,31760.1,1072
1072,23-07-2024,Apple,iPhone 13,Premium,65109,2,Delhi,Delhi,UPI,10,4.4,1072,23-07-2025,1072,130218,13021.8,117196.2,1096
1096,23-08-2024,Apple,iPhone 13,Budget,12900,1,Kolkata,West Bengal,Credit Card,19,3.6,1096,23-08-2025,1096,12900,2451,10449,1418
1418,23-10-2024,OnePlus,Nord CE 3,Premium,85033,2,Mumbai,Maharashtra,Debit Card,18,4.5,1418,23-10-2025,1418,170066,30611.88,139454.12,1264
1264,23-11-2024,Samsung,Galaxy A54,Mid-Range,24740,1,Ahmedabad,Gujarat,UPI,10,4.8,1264,23-11-2025,1264,24740,2474,22266,1343
1343,23-11-2024,Samsung,Galaxy S23,Budget,8664,3,Jaipur,Rajasthan,Debit Card,10,4.4,1343,23-11-2025,1343,25992,2599.2,23392.8,1411
1411,23-12-2024,Apple,iPhone 13,Budget,11588,3,Ahmedabad,Gujarat,Credit Card,15,3.8,1411,23-12-2025,1411,34764,5214.6,29549.4,1313
1313,24-01-2024,Samsung,Galaxy M14,Premium,62979,3,Jaipur,Rajasthan,UPI,19,3.8,1313,24-01-2025,1313,188937,35898.03,153038.97,1337
1337,24-01-2024,Apple,iPhone 15,Budget,10508,3,Jaipur,Rajasthan,Debit Card,11,3.8,1337,24-01-2025,1337,31524,3467.64,28056.36,1008
1008,24-02-2024,Xiaomi,Redmi Note 12,Budget,11177,3,Delhi,Delhi,Debit Card,8,3.9,1008,24-02-2025,1008,33531,2682.48,30848.52,1231
1231,24-02-2024,Apple,iPhone 14,Premium,78625,1,Jaipur,Rajasthan,COD,15,4.7,1231,24-02-2025,1231,78625,11793.75,66831.25,1407
1407,24-02-2024,OnePlus,OnePlus 11,Premium,72910,2,Ahmedabad,Gujarat,UPI,6,4.2,1407,24-02-2025,1407,145820,8749.2,137070.8,1047
1047,24-05-2024,Realme,Realme 11,Budget,10008,3,Kolkata,West Bengal,UPI,19,4.6,1047,24-05-2025,1047,30024,5704.56,24319.44,1377
1377,24-05-2024,Apple,iPhone 14,Premium,67381,2,Kolkata,West Bengal,COD,12,3.8,1377,24-05-2025,1377,134762,16171.44,118590.56,1156
1156,24-06-2024,Realme,Realme 11,Premium,61373,3,Jaipur,Rajasthan,COD,5,4.1,1156,24-06-2025,1156,184119,9205.95,174913.05,1227
1227,24-06-2024,Apple,iPhone 15,Mid-Range,35580,3,Delhi,Delhi,Debit Card,18,4.6,1227,24-06-2025,1227,106740,19213.2,87526.8,1046
1046,24-07-2024,Apple,iPhone 13,Mid-Range,21610,3,Jaipur,Rajasthan,Credit Card,6,4.1,1046,24-07-2025,1046,64830,3889.8,60940.2,1048
1048,24-07-2024,Realme,Realme Narzo 60,Premium,63635,3,Jaipur,Rajasthan,Debit Card,18,4,1048,24-07-2025,1048,190905,34362.9,156542.1,1140
1140,24-09-2024,Xiaomi,Redmi Note 12,Mid-Range,22997,3,Jaipur,Rajasthan,UPI,11,4.5,1140,24-09-2025,1140,68991,7589.01,61401.99,1263
1263,24-09-2024,Xiaomi,Redmi 11,Premium,72873,3,Hyderabad,Telangana,Debit Card,6,4.5,1263,24-09-2025,1263,218619,13117.14,205501.86,1180
1180,24-10-2024,OnePlus,OnePlus 10R,Premium,64088,1,Jaipur,Rajasthan,UPI,18,4.1,1180,24-10-2025,1180,64088,11535.84,52552.16,1367
1367,24-10-2024,Apple,iPhone 15,Mid-Range,34031,2,Kolkata,West Bengal,Debit Card,20,3.9,1367,24-10-2025,1367,68062,13612.4,54449.6,1079
1079,25-01-2024,OnePlus,OnePlus 10R,Mid-Range,33946,3,Bangalore,Karnataka,COD,20,4.6,1079,25-01-2025,1079,101838,20367.6,81470.4,1120
1120,25-01-2024,Realme,Realme 11,Premium,77576,2,Kolkata,West Bengal,UPI,9,3.9,1120,25-01-2025,1120,155152,13963.68,141188.32,1054
1054,25-02-2024,Realme,Realme 11,Mid-Range,37279,2,Lucknow,Uttar Pradesh,COD,11,4.7,1054,25-02-2025,1054,74558,8201.38,66356.62,1331
1331,25-02-2024,Apple,iPhone 14,Mid-Range,26974,3,Delhi,Delhi,Debit Card,13,3.8,1331,25-02-2025,1331,80922,10519.86,70402.14,1428
1428,25-02-2024,Samsung,Galaxy S23,Premium,67329,2,Jaipur,Rajasthan,COD,5,4.6,1428,25-02-2025,1428,134658,6732.9,127925.1,1057
1057,25-04-2024,Apple,iPhone 13,Premium,63106,1,Jaipur,Rajasthan,UPI,19,4,1057,25-04-2025,1057,63106,11990.14,51115.86,1155
1155,25-05-2024,OnePlus,OnePlus 10R,Mid-Range,32801,2,Ahmedabad,Gujarat,COD,7,3.6,1155,25-05-2025,1155,65602,4592.14,61009.86,1382
1382,25-06-2024,Samsung,Galaxy A54,Budget,11965,2,Jaipur,Rajasthan,Debit Card,11,4.4,1382,25-06-2025,1382,23930,2632.3,21297.7,1003
1003,25-07-2024,Realme,Realme GT,Budget,13762,1,Kolkata,West Bengal,Credit Card,9,4,1003,25-07-2025,1003,13762,1238.58,12523.42,1021
1021,25-07-2024,Samsung,Galaxy A54,Budget,13827,1,Lucknow,Uttar Pradesh,Credit Card,11,4.4,1021,25-07-2025,1021,13827,1520.97,12306.03,1216
1216,25-07-2024,OnePlus,Nord CE 3,Budget,14918,3,Jaipur,Rajasthan,Credit Card,9,3.6,1216,25-07-2025,1216,44754,4027.86,40726.14,1126
1126,25-09-2024,Samsung,Galaxy M14,Premium,66278,3,Ahmedabad,Gujarat,Credit Card,19,4.5,1126,25-09-2025,1126,198834,37778.46,161055.54,1174
1174,25-10-2024,Samsung,Galaxy A54,Premium,64545,3,Ahmedabad,Gujarat,Debit Card,14,3.6,1174,25-10-2025,1174,193635,27108.9,166526.1,1223
1223,25-11-2024,Xiaomi,Redmi Note 12,Premium,88789,1,Mumbai,Maharashtra,Debit Card,8,3.6,1223,25-11-2025,1223,88789,7103.12,81685.88,1320
1320,25-12-2024,Apple,iPhone 13,Mid-Range,17515,2,Mumbai,Maharashtra,UPI,13,3.6,1320,25-12-2025,1320,35030,4553.9,30476.1,1378
1378,25-12-2024,OnePlus,OnePlus 10R,Mid-Range,30759,2,Hyderabad,Telangana,COD,17,4.3,1378,25-12-2025,1378,61518,10458.06,51059.94,1475
1475,25-12-2024,Apple,iPhone 13,Budget,11355,3,Delhi,Delhi,UPI,6,4.3,1475,25-12-2025,1475,34065,2043.9,32021.1,1064
1064,26-01-2024,Realme,Realme GT,Premium,78544,3,Kolkata,West Bengal,Credit Card,20,4.5,1064,26-01-2025,1064,235632,47126.4,188505.6,1164
1164,26-01-2024,OnePlus,OnePlus 10R,Premium,72486,1,Ahmedabad,Gujarat,COD,16,4,1164,26-01-2025,1164,72486,11597.76,60888.24,1265
1265,26-02-2024,OnePlus,Nord CE 3,Budget,9931,2,Lucknow,Uttar Pradesh,COD,16,4.8,1265,26-02-2025,1265,19862,3177.92,16684.08,1477
1477,26-02-2024,Samsung,Galaxy S23,Premium,82703,3,Mumbai,Maharashtra,Debit Card,5,4.2,1477,26-02-2025,1477,248109,12405.45,235703.55,1212
1212,26-03-2024,Xiaomi,Redmi 11,Budget,9753,2,Hyderabad,Telangana,UPI,20,4.9,1212,26-03-2025,1212,19506,3901.2,15604.8,1287
1287,26-05-2024,Xiaomi,Redmi Note 12,Mid-Range,29150,1,Kolkata,West Bengal,Credit Card,18,3.9,1287,26-05-2025,1287,29150,5247,23903,1308
1308,26-05-2024,Samsung,Galaxy S23,Budget,12815,3,Mumbai,Maharashtra,COD,5,4.8,1308,26-05-2025,1308,38445,1922.25,36522.75,1172
1172,26-06-2024,Samsung,Galaxy M14,Budget,8902,3,Bangalore,Karnataka,UPI,18,4.4,1172,26-06-2025,1172,26706,4807.08,21898.92,1132
1132,26-07-2024,Apple,iPhone 13,Mid-Range,23639,2,Mumbai,Maharashtra,COD,5,4.4,1132,26-07-2025,1132,47278,2363.9,44914.1,1145
1145,26-07-2024,OnePlus,Nord CE 3,Mid-Range,29442,2,Jaipur,Rajasthan,COD,12,4.9,1145,26-07-2025,1145,58884,7066.08,51817.92,1298
1298,27-02-2024,OnePlus,Nord CE 3,Mid-Range,32242,2,Lucknow,Uttar Pradesh,Debit Card,11,4,1298,27-02-2025,1298,64484,7093.24,57390.76,1106
1106,27-03-2024,Xiaomi,Redmi 11,Premium,72090,1,Hyderabad,Telangana,COD,8,3.9,1106,27-03-2025,1106,72090,5767.2,66322.8,1063
1063,27-04-2024,Apple,iPhone 15,Mid-Range,36084,1,Mumbai,Maharashtra,Debit Card,19,3.6,1063,27-04-2025,1063,36084,6855.96,29228.04,1268
1268,27-05-2024,Samsung,Galaxy A54,Premium,67339,1,Ahmedabad,Gujarat,COD,7,3.6,1268,27-05-2025,1268,67339,4713.73,62625.27,1283
1283,27-05-2024,Apple,iPhone 15,Mid-Range,18528,1,Delhi,Delhi,COD,11,4.2,1283,27-05-2025,1283,18528,2038.08,16489.92,1464
1464,27-05-2024,Apple,iPhone 13,Mid-Range,26913,1,Ahmedabad,Gujarat,COD,7,3.9,1464,27-05-2025,1464,26913,1883.91,25029.09,1209
1209,27-06-2024,Xiaomi,Redmi 11,Budget,13478,1,Mumbai,Maharashtra,Credit Card,17,4.5,1209,27-06-2025,1209,13478,2291.26,11186.74,1442
1442,27-06-2024,Apple,iPhone 14,Mid-Range,35558,2,Mumbai,Maharashtra,UPI,5,3.5,1442,27-06-2025,1442,71116,3555.8,67560.2,1215
1215,27-07-2024,Samsung,Galaxy M14,Premium,80984,3,Hyderabad,Telangana,UPI,5,4.8,1215,27-07-2025,1215,242952,12147.6,230804.4,1270
1270,27-07-2024,Xiaomi,Redmi 11,Premium,66266,2,Hyderabad,Telangana,COD,17,3.6,1270,27-07-2025,1270,132532,22530.44,110001.56,1011
1011,27-08-2024,Realme,Realme GT,Budget,14359,1,Bangalore,Karnataka,Credit Card,14,3.6,1011,27-08-2025,1011,14359,2010.26,12348.74,1135
1135,27-08-2024,Realme,Realme 11,Budget,8307,1,Kolkata,West Bengal,COD,16,3.8,1135,27-08-2025,1135,8307,1329.12,6977.88,1190
1190,27-08-2024,Samsung,Galaxy S23,Premium,60523,3,Hyderabad,Telangana,COD,7,4.4,1190,27-08-2025,1190,181569,12709.83,168859.17,1202
1202,27-11-2024,Samsung,Galaxy A54,Premium,75249,1,Mumbai,Maharashtra,Credit Card,18,3.7,1202,27-11-2025,1202,75249,13544.82,61704.18,1239
1239,27-12-2024,Realme,Realme Narzo 60,Mid-Range,32497,2,Bangalore,Karnataka,Credit Card,6,4.8,1239,27-12-2025,1239,64994,3899.64,61094.36,1090
1090,28-02-2024,OnePlus,Nord CE 3,Premium,74024,3,Kolkata,West Bengal,UPI,10,4.2,1090,28-02-2025,1090,222072,22207.2,199864.8,1160
1160,28-02-2024,Xiaomi,Mi 11X,Budget,14332,2,Bangalore,Karnataka,Debit Card,6,3.7,1160,28-02-2025,1160,28664,1719.84,26944.16,1208
1208,28-02-2024,Samsung,Galaxy A54,Mid-Range,31180,1,Kolkata,West Bengal,Debit Card,5,4.1,1208,28-02-2025,1208,31180,1559,29621,1030
1030,28-04-2024,Samsung,Galaxy S23,Mid-Range,39357,3,Mumbai,Maharashtra,Debit Card,5,3.9,1030,28-04-2025,1030,118071,5903.55,112167.45,1059
1059,28-04-2024,OnePlus,Nord CE 3,Budget,9991,1,Jaipur,Rajasthan,Credit Card,17,4.2,1059,28-04-2025,1059,9991,1698.47,8292.53,1113
1113,28-06-2024,Samsung,Galaxy M14,Premium,80112,1,Jaipur,Rajasthan,Credit Card,15,3.7,1113,28-06-2025,1113,80112,12016.8,68095.2,1352
1352,28-06-2024,OnePlus,OnePlus 11,Premium,64315,2,Ahmedabad,Gujarat,Credit Card,18,4.6,1352,28-06-2025,1352,128630,23153.4,105476.6,1484
1484,28-06-2024,OnePlus,OnePlus 11,Premium,82717,1,Ahmedabad,Gujarat,UPI,20,4.9,1484,28-06-2025,1484,82717,16543.4,66173.6,1369
1369,28-07-2024,Apple,iPhone 14,Budget,9683,3,Hyderabad,Telangana,UPI,18,3.7,1369,28-07-2025,1369,29049,5228.82,23820.18,1318
1318,28-08-2024,Apple,iPhone 15,Premium,79308,1,Jaipur,Rajasthan,UPI,16,4.2,1318,28-08-2025,1318,79308,12689.28,66618.72,1196
1196,28-09-2024,Apple,iPhone 15,Premium,69870,1,Mumbai,Maharashtra,Credit Card,20,3.8,1196,28-09-2025,1196,69870,13974,55896,1314
1314,28-09-2024,Realme,Realme Narzo 60,Budget,11878,1,Hyderabad,Telangana,UPI,15,3.7,1314,28-09-2025,1314,11878,1781.7,10096.3,1359
1359,28-09-2024,Realme,Realme 11,Premium,88611,3,Jaipur,Rajasthan,COD,10,4.2,1359,28-09-2025,1359,265833,26583.3,239249.7,1025
1025,28-11-2024,Samsung,Galaxy S23,Budget,12114,3,Kolkata,West Bengal,Debit Card,6,4.9,1025,28-11-2025,1025,36342,2180.52,34161.48,1185
1185,28-12-2024,Realme,Realme Narzo 60,Premium,68947,2,Lucknow,Uttar Pradesh,Credit Card,12,4.6,1185,28-12-2025,1185,137894,16547.28,121346.72,1191
1191,28-12-2024,Realme,Realme Narzo 60,Mid-Range,36445,2,Kolkata,West Bengal,Debit Card,16,4.8,1191,28-12-2025,1191,72890,11662.4,61227.6,1167
1167,29-01-2024,Apple,iPhone 15,Premium,78085,1,Jaipur,Rajasthan,UPI,17,4.8,1167,29-01-2025,1167,78085,13274.45,64810.55,1429
1429,29-02-2024,OnePlus,OnePlus 10R,Mid-Range,39432,1,Hyderabad,Telangana,Debit Card,10,4.6,1429,29-02-2025,1429,39432,3943.2,35488.8,1258
1258,29-03-2024,OnePlus,OnePlus 10R,Premium,63858,3,Bangalore,Karnataka,COD,5,4.7,1258,29-03-2025,1258,191574,9578.7,181995.3,1175
1175,29-05-2024,OnePlus,OnePlus 10R,Mid-Range,29680,3,Bangalore,Karnataka,Debit Card,8,3.6,1175,29-05-2025,1175,89040,7123.2,81916.8,1300
1300,29-08-2024,OnePlus,OnePlus 10R,Budget,8277,2,Kolkata,West Bengal,COD,13,4.7,1300,29-08-2025,1300,16554,2152.02,14401.98,1033
1033,29-10-2024,Realme,Realme 11,Mid-Range,26748,3,Lucknow,Uttar Pradesh,UPI,12,3.8,1033,29-10-2025,1033,80244,9629.28,70614.72,1450
1450,29-10-2024,Samsung,Galaxy S23,Budget,8483,1,Mumbai,Maharashtra,UPI,20,3.7,1450,29-10-2025,1450,8483,1696.6,6786.4,1037
1037,29-12-2024,Realme,Realme Narzo 60,Budget,10509,3,Ahmedabad,Gujarat,UPI,11,3.9,1037,29-12-2025,1037,31527,3467.97,28059.03,1338
1338,29-12-2024,Samsung,Galaxy A54,Premium,81448,2,Kolkata,West Bengal,UPI,20,4.6,1338,29-12-2025,1338,162896,32579.2,130316.8,1405
1405,29-12-2024,OnePlus,OnePlus 10R,Budget,13532,2,Mumbai,Maharashtra,UPI,6,3.9,1405,29-12-2025,1405,27064,1623.84,25440.16,1158
1158,30-03-2024,Xiaomi,Redmi Note 12,Mid-Range,35782,1,Lucknow,Uttar Pradesh,Credit Card,17,3.9,1158,30-03-2025,1158,35782,6082.94,29699.06,1224
1224,30-03-2024,Samsung,Galaxy S23,Premium,62813,3,Lucknow,Uttar Pradesh,Debit Card,20,3.9,1224,30-03-2025,1224,188439,37687.8,150751.2,1045
1045,30-04-2024,Apple,iPhone 13,Premium,88545,2,Hyderabad,Telangana,COD,15,4.1,1045,30-04-2025,1045,177090,26563.5,150526.5,1398
1398,30-04-2024,Apple,iPhone 14,Mid-Range,39401,3,Delhi,Delhi,UPI,20,3.7,1398,30-04-2025,1398,118203,23640.6,94562.4,1441
1441,30-04-2024,Realme,Realme 11,Budget,11388,2,Jaipur,Rajasthan,Debit Card,5,4.6,1441,30-04-2025,1441,22776,1138.8,21637.2,1259
1259,30-05-2024,Samsung,Galaxy M14,Mid-Range,29674,1,Ahmedabad,Gujarat,Debit Card,8,4.8,1259,30-05-2025,1259,29674,2373.92,27300.08,1274
1274,30-05-2024,Xiaomi,Redmi Note 12,Budget,9635,3,Hyderabad,Telangana,COD,9,4.8,1274,30-05-2025,1274,28905,2601.45,26303.55,1153
1153,30-06-2024,OnePlus,Nord CE 3,Mid-Range,21220,1,Ahmedabad,Gujarat,UPI,18,4.9,1153,30-06-2025,1153,21220,3819.6,17400.4,1303
1303,30-06-2024,Samsung,Galaxy A54,Mid-Range,31932,3,Bangalore,Karnataka,UPI,18,3.8,1303,30-06-2025,1303,95796,17243.28,78552.72,1004
1004,30-07-2024,Realme,Realme Narzo 60,Premium,82720,1,Lucknow,Uttar Pradesh,UPI,17,4.7,1004,30-07-2025,1004,82720,14062.4,68657.6,1295
1295,30-07-2024,Apple,iPhone 13,Mid-Range,16593,3,Hyderabad,Telangana,Credit Card,18,3.6,1295,30-07-2025,1295,49779,8960.22,40818.78,1317
1317,30-07-2024,Realme,Realme 11,Premium,60908,2,Kolkata,West Bengal,Debit Card,13,4.2,1317,30-07-2025,1317,121816,15836.08,105979.92,1454
1454,30-07-2024,Apple,iPhone 13,Premium,74450,3,Jaipur,Rajasthan,COD,14,3.7,1454,30-07-2025,1454,223350,31269,192081,1376
1376,30-08-2024,OnePlus,OnePlus 10R,Premium,66511,3,Hyderabad,Telangana,Debit Card,9,3.6,1376,30-08-2025,1376,199533,17957.97,181575.03,1163
1163,30-09-2024,OnePlus,Nord CE 3,Budget,10143,1,Hyderabad,Telangana,Credit Card,20,4.3,1163,30-09-2025,1163,10143,2028.6,8114.4,1254
1254,30-09-2024,Apple,iPhone 14,Budget,10570,3,Bangalore,Karnataka,COD,13,3.6,1254,30-09-2025,1254,31710,4122.3,27587.7,1152
1152,30-12-2024,Xiaomi,Redmi Note 12,Budget,11849,3,Hyderabad,Telangana,UPI,18,4.2,1152,30-12-2025,1152,35547,6398.46,29148.54,1162
1162,30-12-2024,Realme,Realme 11,Premium,63490,3,Jaipur,Rajasthan,COD,9,3.8,1162,30-12-2025,1162,190470,17142.3,173327.7,1413
1413,30-12-2024,Realme,Realme GT,Budget,13638,1,Kolkata,West Bengal,COD,18,4.9,1413,30-12-2025,1413,13638,2454.84,11183.16,1235
1235,31-01-2024,Xiaomi,Mi 11X,Budget,11303,3,Bangalore,Karnataka,UPI,9,4.3,1235,31-01-2025,1235,33909,3051.81,30857.19,1070
1070,31-03-2024,Xiaomi,Redmi 11,Premium,62656,3,Jaipur,Rajasthan,UPI,10,4,1070,31-03-2025,1070,187968,18796.8,169171.2,1372
1372,31-03-2024,OnePlus,Nord CE 3,Premium,72334,1,Hyderabad,Telangana,Debit Card,15,4.7,1372,31-03-2025,1372,72334,10850.1,61483.9,1427
1427,31-03-2024,Samsung,Galaxy M14,Mid-Range,21969,2,Ahmedabad,Gujarat,Debit Card,17,3.8,1427,31-03-2025,1427,43938,7469.46,36468.54,1001
1001,31-07-2024,Samsung,Galaxy A54,Mid-Range,32077,3,Hyderabad,Telangana,COD,11,4.2,1001,31-07-2025,1001,96231,10585.41,85645.59,1039
1039,31-08-2024,Realme,Realme Narzo 60,Premium,73710,3,Delhi,Delhi,Debit Card,13,4.6,1039,31-08-2025,1039,221130,28746.9,192383.1,1060
1060,31-08-2024,Xiaomi,Redmi 11,Mid-Range,21471,3,Bangalore,Karnataka,UPI,18,4.5,1060,31-08-2025,1060,64413,11594.34,52818.66,1342
1342,31-08-2024,Apple,iPhone 14,Budget,8851,1,Mumbai,Maharashtra,Credit Card,7,3.7,1342,31-08-2025,1342,8851,619.57,8231.43,1461
1461,31-08-2024,Samsung,Galaxy S23,Mid-Range,19304,2,Lucknow,Uttar Pradesh,UPI,17,4.9,1461,31-08-2025,1461,38608,6563.36,32044.64,1361
1361,31-10-2024,Apple,iPhone 14,Mid-Range,26723,1,Bangalore,Karnataka,Debit Card,13,4.6,1361,31-10-2025,1361,26723,3473.99,23249.01,
